title,company,location,pay,workTime,recently,howpay
㈜ 동행에스디에스,#급구# 맥스타일 상가 보안 [주간]직원  채용합니다.,서울 중구,"2,200,000원",,1시간전
㈜명성시스템,[명성]소개소아님 건설공사현장 노원 면목 상봉 공릉 가,서울 중랑구,"4,000,000원",시간협의,1시간전
㈜명성시스템,[명성]소개소아님 건설공사현장 강북 수유 미아 쌍문 가,서울 노원구,"4,000,000원",07:00~17:00,1시간전
㈜명성시스템,[명성]소개소아님 건설공사현장 화곡 까치산방화 강서 가,서울 강서구,"4,000,000원",07:00~17:00,1시간전
㈜명성시스템,[명성]소개소아님 건설공사현장 불광 응암 대조 녹번 가,서울 은평구,"4,000,000원",07:00~17:00,1시간전
㈜명성시스템,[명성]소개소아님 건설공사현장 신림 봉천 서울대대림 가,서울 관악구,"4,000,000원",07:00~17:00,1시간전
주식회사 태원로지스,버스탑승-마포/택배상하차/당일지급/14만원/단기알바가능,서울 마포구,"140,000원",07:00~17:00,1시간전
주식회사 태원로지스,버스탑승-마포/택배상하차/당일지급/14만원/단기알바가능,서울 강서구,"140,000원",20:30~06:00,1시간전
주식회사 태원로지스,버스탑승-마포/택배상하차/당일지급/14만원/단기알바가능,서울 은평구,"140,000원",20:30~06:00,1시간전
주식회사 태원로지스,야간) 택배상하차/당일지급/14만원/단기알바가능/1,서울 강동구,"140,000원",20:30~06:00,1시간전
㈜아론무역,[단기알바] 5/26-5/27 무역회사 물류 보조 알바 찾습니다,서울 성동구,"8,600원",20:30~06:00,1시간전
태성건업,에어컨보조기사구함 (성북구),서울 성북구,"20,000원",09:30~17:30,2시간전
㈜하나은행,[을지로/月194만] 하나은행 외환상품지원부 문서 분류 업,서울 구로구,"1,940,000원",시간협의,2시간전
㈜하나은행,[을지로/쉬운업무] 하나은행 외환상품지원부 사무보조 채,서울 은평구,"1,940,000원",09:00~18:00,2시간전
쿠팡풀필먼트서비스,[쿠팡_서울] HUB 주간 사원모집 /손쉬운 분류및 상차 /고,서울 송파구,"2,623,860원",09:00~18:00,2시간전
㈜하나은행,[을지로/쉬운업무] 하나은행 부서 내 사무보조 채용(문서,서울 도봉구,"1,940,000원",08:30~19:00,2시간전
㈜중앙커머스,화곡동 유통상가 중앙커머스 알바2명 모집합니다,서울 강서구,"1,900,000원",09:00~18:00,3시간전
세븐컴퍼니,현대백화점 Hmall&더현대 (천호점) 6월 아르바이트 채용,서울 강동구,"1,800,000원",09:00~19:00,3시간전
㈜대인 스탭스,[가산디지털] 전동차(제어부품류) 단순생산 사원모집,서울 구로구,"8,590원",08:30~16:30,5시간전
효성냉장/송파,"(5/27,수)/일급9만5천/당일지급/삼동역/물류상품박스 상",서울 송파구,"95,000원",08:30~17:30,6시간전
명진맨파워에이전시,[서울_수도권] 화요근무_당일지급_왕복셔틀식사제공_고소,서울 노원구,"150,295원",08:00~17:00,12시간전
명진맨파워에이전시,[서울_수도권] 화요근무_당일지급_왕복셔틀식사제공_고소,서울 동작구,"150,295원",19:00~05:00,14시간전
㈜코코로키친,일식 요이벤 압구정 현대백화점에서 주방 직원을 구합니,서울 강남구,"2,300,000원",19:00~05:00,05/25
고앤고,"남홀직원 및 알바구합니다(주5일근무, 월205만원이상)",서울 관악구,"2,050,000원",09:00~20:00,05/25
GS 후레쉬,((급구)) GS 후레쉬 식자재 1톤 배송기사님 모집 (월400,서울 송파구,"4,000,000원",15:00~24:00,05/25
백련,"주말야외바베큐써빙(시급10,200일당122,400원)&참숯실장",서울 노원구,"122,400원",09:00~18:00,05/25
유에서유,이탈리안 레스토랑 유에서유 에서 함께 일하실 아르바이,서울 중구,"8,590원",10:00~22:00,05/25
㈜대인 스탭스,[가산디지털] 전동차(제어부품류) 단순생산 사원모집,서울 구로구,"8,590원",18:00~21:00,05/25
노랑통닭,[신림] 노랑통닭 직원 모집,서울 관악구,"2,500,000원",08:30~17:30,05/25
한석-13팀,[창동역 탑승] 곤지암 / 상하차 / 단순분류 / 당일지급,서울 도봉구,"111,670원",16:30~02:30,05/25
남양주롯데택배 / 대현운송,[석계역 탑승] 당일지급 / 야간알바 / 상하차 / 단순분류,서울 중랑구,"135,000원",19:00~05:00,05/25
맛닭꼬 남성역점,ㅇ-일단클릭-치킨집 정직원급구ㅇ,서울 동작구,"2,200,000원",18:00~06:00,05/25
명랑회관 교대점 크림소프트아이앤씨㈜,#홀서빙 시급11000원 #평일 오후 파트 모집합니다.,서울 관악구,"11,000원",15:00~01:00,05/24
성지로지스,[당일지급] 편의점 물류인원모집 [장기근무자및 운전가능,서울 중랑구,"80,000원",18:00~21:00,31분전
에스코리아,하이웨이마트 방배점 주간 매장관리 모집,서울 서초구,"1,840,000원",09:30~18:30,53분전
홍곱창숙명여대점,청파동/ 서빙 및 보조/ 토일,서울 용산구,"9,000원",시간협의,2시간전
㈜월드파워뱅크,오늘알바 10시30부터/일 7만원 당일지급/의약품배송보조,서울 강서구,"70,000원",시간협의,6시간전
메디슨나라,"[단기알바] 생동성 자원자 모집중(단기,주중,주말,꿀알바",서울 관악구,"2,600,000원",10:30~19:30,12시간전
㈜케이지에치,오후 단시간 상차 및 분류 작업 모집합니다.(투잡가능),서울 송파구,"10,000원",시간협의,13시간전
㈜티알아이인터내셔널,[5/30-6/5] 컨퍼런스 STAFF 모집,서울 전체,"8,590원",19:00~23:00,16시간전
잡월드,(한달 이상)후지제록스 복사기 단순 소모품교환 배송 보,서울 광진구,"75,000원",시간협의,22시간전
3pop pc방,숙대/ 평일/ 야간/ 3pop pc방에서 함께 일할  알바생 모,서울 용산구,"10,308원",08:00~17:00,05/25
CJ 올리브영 사당역점,올리브영 사당역점 평일오픈(월수금) MATE 모집,서울 관악구,"8,590원",00:00~07:00,05/25
테라디저트카페,문정동 테라카페에서 평일 마감 알바모집합니다,서울 송파구,"8,600원",08:30~13:00,05/25
비원PC,비원PC방 석촌점 평일 야간 모집,서울 송파구,"8,590원",시간협의,05/25
서울빌리아드,당구장에서 활발한 남자직원 구합니다.,서울 영등포,"2,250,000원",22:00~08:00,05/25
㈜제이제이에스기획,시급1만원/ 구로디지털단지역 주류홍보행사스텝 구인,서울 구로구,"10,000원",11:00~22:00,05/25
㈜제이제이에스기획,신촌역 주류 판촉 이벤트 행사스텝 구인,서울 마포구,"10,000원",18:30~22:00,05/25
㈜제이제이에스기획,시급1만원/ 관악구(신림역/서울대입구역) 주류 판촉 이벤,서울 관악구,"10,000원",18:30~22:30,05/25
---에스코트---,/주급제-12-13만-마포 합정역.망원역-수수료지원-시스템,서울 마포구,"4,000,000원",18:30~22:00,05/25
㈜월드파워뱅크,5/27일 알바/일 7만원 당일지급/의약품배송보조/송정역,서울 강서구,"70,000원",,05/25
주식회사 잡월드,(한달 이상)후지제록스복사기 단순 소모품교환 배송 보조,서울 동대문,"75,000원",08:00~17:00,05/25
백상기업㈜,월190 을지로입구 법무법인 로펌 사무보조(문서수발)  주,서울 종로구,"1,900,000원",08:00~17:00,05/25
민트컴퍼니(MINT COMPANY),(4일단기)호반건설 모델하우스에서 진행스탭을 모집합니,서울 강남구,"75,000원",09:00~18:00,05/25
구구알칼리 치킨,"을지로3가역/(월-토,오후 7시-12시) 서빙아르바이트를 모",서울 중구,"10,000원",09:00~18:00,05/25
㈜원스탑프렙,어학원  운영팀 지원자 모집,서울 강남구,"8,590원",19:00~24:00,05/25
한스케익,한스케익 위례신도시 토요일,서울 송파구,"8,590원",11:00~20:00,05/25
w호텔,사당역 / 모텔 직원 / 투잡 /격일 근무 / 초보자 가능 /,서울 관악구,"2,450,000원",10:30~19:00,05/25
㈜펜디코리아,펜디코리아 이벤트 지원 단기 아르바이트 모집 (10명),서울 강남구,"10,000원",10:00~10:00,05/25
"맛.닭,꼬",가족 처럼 같이 일할  홀알바 구함,서울 영등포,"8,590원",시간협의,05/25
동성테크,전자부품 검사 아르바이트 인원 모집,서울 노원구,"8,590원",19:00~23:00,05/25
㈜가야미,(주)가야미 매장 아르바이트 채용,서울 광진구,"8,590원",09:00~18:00,05/25
알촌 한양대점,알촌 한양대점 직원 구인 (주6일),서울 성동구,"2,600,000원",14:00~18:00,05/25
주식회사 태원로지스,버스탑승-마포/택배상하차/당일지급/14만원/단기알바가능,서울 강서구,"140,000원",11:30~21:30,05/25
주식회사 태원로지스,버스탑승-마포/택배상하차/당일지급/14만원/단기알바가능,서울 은평구,"140,000원",20:30~06:00,05/25
주식회사 태원로지스,야간) 택배상하차/당일지급/14만원/단기알바가능/1,서울 강동구,"140,000원",20:30~06:00,05/25
고기나라,[주말알바급구]한우전문점 홀서빙(금-일 17시-22시 시급,서울 동대문,"9,000원",20:30~06:00,05/25
앤하우스(노원점),아르바이트 모집,서울 노원구,"8,590원",17:00~22:00,05/24
돼스티니,망원동 돼스티니에서 알바님 모십니다^^,서울 마포구,"9,500원",시간협의,05/24
주식회사 와일드브라더스,"예능프로그램  촬영 스텝 모집(진행스텝, FD)",서울 영등포,"8,590원",18:30~21:30,05/24
위벨롭먼트/1943,1943신림점에서 함께 일하실 가족을 모집합니다.,서울 관악구,"9,000원",시간협의,05/24
피자알볼로 난곡점,정규직 모집 (피자 경력자),서울 관악구,"2,500,000원",19:00~05:00,05/24
파리바게뜨 성대시장점,파리바게뜨성대시장점에서 평일미들파트 모집합니다,서울 동작구,"8,590원",11:00~22:00,05/24
"맛.닭,꼬",가족 처럼 같이 일할  홀알바 구함,서울 영등포,"8,590원",13:00~20:00,05/24
참나무본가 구파발,홀 직원 구합니다.,서울 은평구,"2,500,000원",19:00~23:00,05/24
싹쓰리솥뚜껑삼겹살,창동/쌍문/수유 고깃집 서빙,서울 도봉구,"8,590원",10:00~22:00,05/24
육쌈냉면,주방보조(설거지),서울 은평구,"8,590원",시간협의,05/24
쾌남떡볶이,열정과 낭만이 가득한 쾌남떡볶이에서 함께 할 알바를 모,서울 강서구,"8,590원",12:00~17:00,05/24
노블레스미디어인터내셔널,명품 잡지 배송 도우미 단기 아르바이트 급구(단순업무),서울 성동구,"84,000원",시간협의,05/24
피씨나인,숙대 피시나인PC방 주말야간 구인합니다,서울 용산구,"9,000원",09:00~18:00,05/24
㈜위드파트너,(급)이마트 자양점/ 금일 진열대 설치 및 보조 남성 아르,서울 광진구,"9,000원",22:00~08:00,05/24
내가찜한닭,노원내가찜한닭에서 가족을구합니다.,서울 노원구,"8,600원",10:00~19:00,05/24
장군집,홀써빙 알바 모집,서울 광진구,"9,500원",17:00~22:00,05/24
도미노피자 월계점,도미노피자 월계점에서 함께 근무 배달히어로 모집합니다,서울 노원구,"8,590원",18:30~22:30,05/24
써클Circle,[ 5월25일(월)부터 5월27일(수)까지 신설동 단기 알바모,서울 동대문,"75,000원",11:30~22:30,05/24
맛닭꼬 남성역점,ㅇ-일단클릭-치킨집 정직원급구ㅇ,서울 동작구,"2,200,000원",09:00~18:30,05/24
GS25 S 상도역점,(평일)상도역 GS25 알바생 모집,서울 동작구,"8,590원",15:00~01:00,05/24
롯데백화점 강남점,롯데백화점 강남점 주차 발렛직원 모집합니다,서울 전체,"1,890,000원",18:30~23:30,05/24
치어스성내점,치어스 성내점(강동구청) 목요일-일요일 알바,서울 강동구,"10,000원",10:00~20:00,05/24
성지로지스,[당일지급] 편의점 물류인원모집 [장기근무자및 운전가능,서울 송파구,"80,000원",20:00~24:00,05/24
고기나라,[주말알바급구]한우전문점 홀서빙(금-일 17시-22시 시급,서울 동대문,"9,000원",09:30~18:30,05/24
태성건업,에어컨보조기사구함 (성북구),서울 성북구,"20,000원",17:00~22:00,05/24
프라임원영어,영어학원 간단한 채점과 test 감독 등의 업무 화목주2일,서울 송파구,"8,600원",시간협의,05/24
명진맨파워에이전시,[서울_수도권] 화요근무_당일지급_왕복셔틀식사제공_고소,서울 노원구,"150,295원",17:00~22:00,05/24
오사카부루스,월ㅡ토 함께 일할 알바님 모십니다^^,서울 구로구,"9,000원",19:00~05:00,05/24
명진맨파워에이전시,[서울_수도권] 화요근무_당일지급_왕복셔틀식사제공_고소,서울 동작구,"150,295원",시간협의,05/24
푸라닭 등촌1동점,푸라닭 치킨 등촌1동점에서 함께 일할 주방 평일 주4일,서울 강서구,"8,590원",19:00~05:00,05/24
남양주롯데택배 / 대현운송,[석계역 탑승] 당일지급 / 야간알바 / 상하차 / 단순분류,서울 강북구,"135,000원",17:00~23:00,05/24
㈜에스와이메디케어,주5일/월급200만/상품 입출고 및 사무보조 직원 7개월-1,서울 강남구,"2,000,000원",18:00~06:00,05/24
㈜한국건설방재연구원,안전진단 현장 아르바이트 모집(단순보조업무),서울 송파구,"83,000원",09:00~19:00,05/23
파리바게뜨 성대시장점,파리바게뜨성대시장점에서 평일미들파트 모집합니다,서울 동작구,"8,590원",,05/23
마미스런치,마미스런치 서소문점 스텝 및 아르바이트 채용,서울 서대문,"2,100,000원",13:00~20:00,05/23
영춘똥꼬닭발,영춘똥꼬닭발에서 함께일할 가족 ( 홀써빙 )을 모집합니,서울 강동구,"10,500원",시간협의,05/23
굽네치킨 염창역점,"굽네치킨 염창역점 주말 아르바이트 구합니다. 시급10,3",서울 양천구,"10,308원",19:00~01:00,05/23
육쌈냉면,주방보조(설거지),서울 은평구,"8,590원",시간협의,05/23
주식회사 리드 디벨롭먼트,(꿀알바)(선착순)(빠른지급)(단기장기)여의도 해링턴타워,서울 영등포,"70,000원",12:00~17:00,05/23
고기나라,[주말알바급구]한우전문점 홀서빙(금-일 17시-22시 시급,서울 동대문,"9,000원",10:00~18:00,05/23
GS25 S 상도역점,(평일)상도역 GS25 알바생 모집,서울 동작구,"8,590원",17:00~22:00,05/23
타쯔,방배동 이자카야 타쯔에서 홀서빙 아르바이트를 구합니다,서울 서초구,"9,000원",18:30~23:30,05/23
이지렌탈,[내일하루/8시간] 구로이지렌탈 렌탈기기 운반정리 보조,서울 구로구,"68,720원",20:00~24:00,05/23
한스케익,한스케익 위례신도시 토요일,서울 송파구,"8,590원",09:00~18:00,05/23
처갓집양념치킨,처갓집양념치킨 배달직원구해요,서울 영등포,"3,000,000원",10:30~19:00,05/23
에스씨에스프로㈜,전산입력 및 제품포장 지원 단기아르바이트(-6/30까지),서울 금천구,"8,590원",16:00~04:00,05/23
백련,"주말야외바베큐써빙(시급10,200일당122,400원)&참숯실장",서울 도봉구,"122,400원",09:00~06:00,05/23
에이앤에스㈜,"[2일/4시간] 전화업무 - 핀테크 개발가격문의  후 비교,",서울 전체,"8,590원",10:00~22:00,05/23
베베스포츠,베베스포츠 에서 체육교사 모집합니다,서울 중랑구,"2,000,000원",시간협의,05/23
배스킨라빈스 망원역점,베스킨 망원역점 파트타이머,서울 마포구,"8,600원",12:00~16:00,05/23
SY솔루션,CU편의점 BGF리테일 물류센터 근무원 모집,서울 관악구,"100,000원",시간협의,05/23
장군집,홀써빙 알바 모집,서울 광진구,"9,500원",10:00~19:00,05/22
소대지,홀알바구합니다,서울 노원구,"9,000원",18:30~22:30,05/22
한석-13팀,[창동역 탑승] 곤지암 / 상하차 / 단순분류 / 당일지급,서울 도봉구,"111,670원",18:00~23:00,05/22
한스케익,한스케익 위례신도시 토요일,서울 송파구,"8,590원",19:00~05:00,05/22
내가찜한닭,노원내가찜한닭에서 가족을구합니다.,서울 노원구,"8,600원",10:30~19:00,05/22
추닭집,목금토주방보조겸서빙판매 구합니다,서울 은평구,"8,590원",17:00~22:00,05/22
파리바게뜨 성대시장점,파리바게뜨성대시장점에서 평일미들파트 모집합니다,서울 동작구,"8,590원",18:00~23:30,05/22
피자알볼로 난곡점,정규직 모집 (피자 경력자),서울 관악구,"2,500,000원",13:00~20:00,05/22
또봉이통닭,또봉이통닭에서 금 토 홀서빙 알바 구해요,서울 동작구,"9,000원",11:00~22:00,05/22
두끼떡볶이 롯데마트 중계점,"두끼떡볶이 롯데마트 중계점 , 주방 남자 알바 모집",서울 노원구,"8,590원",19:30~24:00,05/22
자이에스앤디㈜,반포자이 상황실 보안대원 모집,서울 전체,"2,384,110원",시간협의,05/22
재민에이전시,VIP 고객 자동차 딜리버리 행사 / 광교중앙역/수원/6개월,서울 전체,"120,000원",시간협의,05/22
㈜한국디씨엠,키다리 삐에로 인형탈 행사알바 시급12000원 주말알바(토,서울 송파구,"12,000원",10:00~20:00,05/22
에이앤에스㈜,"[2일/4시간] 전화업무 (여러업체에 가격문의후 비교, 내",서울 전체,"8,590원",시간협의,05/22
주식회사 태원로지스,버스탑승-마포/택배상하차/당일지급/14만원/단기알바가능,서울 강서구,"140,000원",시간협의,05/22
주식회사 태원로지스,버스탑승-마포/택배상하차/당일지급/14만원/단기알바가능,서울 은평구,"140,000원",20:30~06:00,05/22
주식회사 태원로지스,야간) 택배상하차/당일지급/14만원/단기알바가능/1,서울 강동구,"140,000원",20:30~06:00,05/22
CHUU여성쇼핑몰/정규직전환가능/금요일오전,미아역/4호선/여성의류/물류센터/피킹/포장/상품관리/입,서울 강북구,"1,830,000원",20:30~06:00,05/22
CHUU여성쇼핑몰/정규직전환가능/금요일오전,미아역/4호선/여성의류/물류센터/피킹/포장/상품관리/입,서울 도봉구,"1,830,000원",09:00~18:00,05/22
민영상사,"자동차 부품 판매 회사  심부름  (모비스,유성기업, 대리",서울 동대문,"8,700원",09:00~18:00,05/22
푸라닭 등촌1동점,푸라닭 치킨 등촌1동점에서 함께 일할 주방 평일 주4일,서울 강서구,"8,590원",08:30~18:30,05/21
GS25 S 상도역점,(평일)상도역 GS25 알바생 모집,서울 동작구,"8,590원",17:00~01:00,05/21
통일맥주,통일맥주에서 알바를 구합니다.,서울 서대문,"8,800원",18:30~23:30,05/21
청개구리노래연습장,노래방알바모집,서울 동작구,"8,590원",18:00~23:00,05/21
엘에스씨푸드,미림여고급식실에서 배선원 구인합니다,서울 관악구,"10,500원",23:00~06:00,05/21
에스큐엔지니어링,안전진단 현장 아르바이트 모집(지방출장으로 인한 숙식,서울 송파구,"91,000원",10:00~17:00,05/21
과일.야채,신대방오후파트 과일진열및판매 경력자우대,서울 동작구,"8,700원",09:00~18:00,05/21
㈜펜디코리아,펜디코리아 이벤트 지원 단기 아르바이트 모집 (4명),서울 강남구,"10,000원",14:00~20:00,05/21
서울대입구 맥주창고,샤로수길 맥주창고에서 가족을 모십니다,서울 관악구,"2,800,000원",시간협의,05/21
마키진신사점,"신사역 가로수길 캐쥬얼 일식 마키진 시급 10,500",서울 강남구,"10,500원",17:00~05:00,05/21
㈜펜디코리아,펜디코리아 이벤트 지원 단기 아르바이트 모집 (10명),서울 강남구,"10,000원",시간협의,05/21
볼트PC,볼트 PC방 답십리점 평일야간 알바 구합니다.,서울 동대문,"8,590원",시간협의,05/21
엔탑피씨방(N-TOP PC방) 암사점,"엔탑PC방 암사점 주말야간(금,토) 아르바이트생 모집합니",서울 강동구,"10,308원",,05/21
㈜그린피플,홈플러스강동점/상품진열사원모집/월 8일 매주 금토 출근,서울 강동구,"81,403원",22:00~08:00,05/21
인터샵,포장알바 구합니다 (오후),서울 용산구,"9,000원",시간협의,05/21
성지로지스,[당일지급] 편의점 물류인원모집 [장기근무자및 운전가능,서울 중랑구,"80,000원",13:00~18:00,05/21
씨유서초고교점,주말 야간 근무자 구합니다,서울 서초구,"8,600원",09:30~18:30,05/21
에스큐엔지니어링,안전진단 현장 아르바이트 모집(지방출장으로 인한 숙식,서울 송파구,"91,000원",21:00~07:00,05/21
이지렌탈,[오늘하루/7시간] 구로이지렌탈 렌탈기기 운반정리 보조,서울 구로구,"62,000원",09:00~18:00,05/21
알촌 한양대점,알촌 한양대점 직원 구인 (주6일),서울 성동구,"2,600,000원",10:00~18:00,05/21
명진맨파워에이전시,[서울_수도권] 고소득당일지급_전지역왕복셔틀운행식사제,서울 노원구,"150,295원",11:30~21:30,05/21
세븐일레븐 돈암초교점,"성신여대입구역/평일(목,금)/야간/세븐일레븐 아르바이트",서울 성북구,"8,600원",19:00~05:00,05/21
명진맨파워에이전시,[서울_수도권] 고소득당일지급_전지역왕복셔틀운행식사제,서울 동작구,"150,295원",00:00~07:00,05/21
쿠팡풀필먼트서비스,[쿠팡_서울] HUB 주간 사원모집 /손쉬운 분류및 상차 /고,서울 광진구,"2,623,860원",19:00~05:00,05/21
매운국물떡볶이 밀방떡 은평점,매운국물떡볶이 밀방떡 은평점에서 가족을 모집합니다.,서울 은평구,"8,600원",08:30~19:00,05/21
송이족발,주중.홀..아르바이트생 모집,서울 구로구,"8,600원",11:00~18:00,05/21
주식회사 타우컴퍼니,[단기/주말/이벤트] 등촌역 모델하우스행사 진행요원 모,서울 강서구,"8,590원",18:00~21:00,05/20
GS 후레쉬,((급구)) GS 후레쉬 식자재 1톤 배송기사님 모집 (월400,서울 송파구,"4,000,000원",09:00~18:00,05/20
GS 후레쉬,((급구)) GS 후레쉬 식자재 1톤 배송기사님 모집 (월400,서울 강남구,"4,000,000원",09:00~18:00,05/20
㈜한국건설방재연구원,"안전진단 주,야간 현장 아르바이트 모집(지방출장,숙식가",서울 송파구,"83,000원",09:00~18:00,05/20
롯데백화점 강남점,롯데백화점 강남점 주차 발렛직원 모집합니다,서울 전체,"1,890,000원",09:00~18:00,05/20
명진맨파워에이전시,[서울_수도권] 고소득당일지급_전지역왕복셔틀운행식사제,서울 동작구,"150,295원",10:00~20:00,05/20
명진맨파워에이전시,[서울_수도권] 고소득당일지급_전지역왕복셔틀운행식사제,서울 중랑구,"150,295원",19:00~05:00,05/20
오토쉴드,자동차 광택.코팅 PPF필름 경력자(실장) 및 초보자 모집,서울 용산구,"30,000,000원",19:00~05:00,05/20
주식회사 태원로지스,버스탑승-마포/택배상하차/당일지급/14만원/단기알바가능,서울 강서구,"140,000원",08:30~18:00,05/20
주식회사 태원로지스,버스탑승-마포/택배상하차/당일지급/14만원/단기알바가능,서울 은평구,"140,000원",20:30~06:00,05/20
주식회사 태원로지스,야간) 택배상하차/당일지급/14만원/단기알바가능/1,서울 강동구,"140,000원",20:30~06:00,05/20
CHUU여성쇼핑몰/정규직전환가능/금요일오전,미아역/4호선/여성의류/물류센터/피킹/포장/상품관리/입,서울 도봉구,"1,830,000원",20:30~06:00,05/20
CHUU여성쇼핑몰/정규직전환가능/월화수오전,미아역/4호선/여성의류/물류센터/피킹/포장/상품관리/입,서울 강북구,"1,830,000원",09:00~18:00,05/20
노랑통닭,[신림] 노랑통닭 직원 모집,서울 관악구,"2,500,000원",09:00~18:00,05/20
㈜명성시스템,[명성]소개소아님 건설공사현장 신림 봉천 서울대대림 가,서울 관악구,"4,000,000원",16:30~02:30,05/20
㈜명성시스템,[명성]소개소아님 건설공사현장 불광 응암 대조 녹번 가,서울 은평구,"4,000,000원",07:00~17:00,05/20
㈜명성시스템,[명성]소개소아님 건설공사현장 화곡 까치산방화 강서 가,서울 강서구,"4,000,000원",07:00~17:00,05/20
㈜명성시스템,[명성]소개소아님 건설공사현장 강북 수유 미아 쌍문 가,서울 노원구,"4,000,000원",07:00~17:00,05/20
㈜명성시스템,[명성]소개소아님 건설공사현장 노원 면목 상봉 공릉 가,서울 중랑구,"4,000,000원",07:00~17:00,05/20
㈜세안안전진단,"[서울,경기] 6호선 지하철 정밀안전진단 보조인부 채용(",서울 전체,"85,000원",07:00~17:00,05/19
주식회사 왕들의식탁,5월20일부터 일주일 뚝섬역 9시 6시 냉동피자생산 보조,서울 성동구,"8,600원",23:30~04:30,05/19
치어스(가산디지털점),급구 치어스 남홀서빙 평일반 모집,서울 금천구,"9,000원",09:00~18:00,05/19
㈜삼환티에프,"포장, 물류, 배송",서울 노원구,"1,800,000원",19:00~23:00,05/19
에스큐엔지니어링,안전진단 현장 보조 알바 구합니다(지방출장가능자),서울 전체,"91,000원",09:00~18:00,05/19
㈜태경시스템,파트별 선별 근무가능 상시인원 대모집 / 동반입사가능,서울 금천구,"145,000원",09:00~18:00,05/19
명진맨파워에이전시,[서울_수도권] 고소득당일지급_전지역왕복셔틀운행식사제,서울 노원구,"150,295원",시간협의,05/19
명진맨파워에이전시,[서울_수도권] 고소득당일지급_전지역왕복셔틀운행식사제,서울 영등포,"150,295원",19:00~05:00,05/19
에스큐엔지니어링,안전진단 현장 아르바이트 모집 (단순보조/지방출장으로,서울 송파구,"91,000원",19:00~05:00,05/18
브라보캐롬클럽 군자점,브라보캐롬클럽 군자점 평일1명(저녁) / 주말1명(저녁),서울 광진구,"10,308원",09:00~18:00,05/18
성지로지스,[당일지급] 편의점 물류인원모집 [장기근무자및 운전가능,서울 중랑구,"80,000원",18:00~24:00,05/18
㈜펜디코리아,펜디코리아 이벤트 지원 단기 아르바이트 모집 (10명),서울 강남구,"10,000원",09:30~18:30,05/18
백상기업㈜,주5 을지로입구 법무법인 로펌 사무보조 월190,서울 서대문,"1,900,000원",시간협의,05/18
㈜우성덴탈,창고관리 및 입출고 보조 알바 모집 (주5일),서울 전체,"1,795,310원",09:00~18:00,05/18
주식회사 태원로지스,버스탑승-마포/택배상하차/당일지급/14만원/단기알바가능,서울 강서구,"140,000원",09:30~18:30,05/18
주식회사 태원로지스,버스탑승-마포/택배상하차/당일지급/14만원/단기알바가능,서울 은평구,"140,000원",20:30~06:00,05/18
주식회사 태원로지스,야간) 택배상하차/당일지급/14만원/단기알바가능/1,서울 강동구,"140,000원",20:30~06:00,05/18
오늘와인한잔 문래점,오늘와인한잔문래점 평일 주말 알바구합니다,서울 영등포,"10,000원",,05/18
㈜사이드쇼,"프리미엄 즉석떡볶이 레스토랑 / 평일오전, 주말오후",서울 송파구,"8,600원",19:00~24:00,05/18
한석-13팀,[사가정역 탑승] 곤지암 / 상하차 / 단순분류 / 당일지급,서울 중랑구,"111,670원",10:00~22:00,05/18
CHUU여성쇼핑몰/정규직전환가능/월화수오전,미아역/4호선/여성의류/물류센터/피킹/포장/상품관리/입,서울 강북구,"1,830,000원",19:00~05:00,05/18
CHUU여성쇼핑몰/정규직전환가능/월화수오전,미아역/4호선/여성의류/물류센터/피킹/포장/상품관리/입,서울 강북구,"1,830,000원",09:00~18:00,05/18
쑤쑤타이,"평일 오전,서빙 및 매장 관리 파트타이머 구합니다.",서울 성동구,"8,590원",09:00~18:00,05/17
고미정,평일/오전/홀서빙/시급9600원/연희동,서울 서대문,"9,600원",시간협의,05/17
성지로지스,[당일지급] 편의점 물류인원모집 [장기근무자및 운전가능,서울 중랑구,"80,000원",시간협의,05/17
명진맨파워에이전시,[서울_수도권] 화요근무_당일지급_고소득알바_왕복셔틀식,서울 노원구,"150,295원",09:30~18:30,05/17
애드어라운드,[평일/칼퇴] 애드어라운드 온라인 광고대행사 신입 및 경,서울 송파구,"2,500,000원",19:00~05:00,05/17
주식회사 타우컴퍼니,[단기/주말/이벤트] 등촌역 모델하우스행사 진행요원 모,서울 영등포,"8,590원",10:00~18:00,05/17
한석-13팀,[천호역 탑승] 곤지암 / 상하차 / 단순분류 / 당일지급,서울 강동구,"111,670원",09:00~17:00,05/17
CU 리테일,((급구)) CU편의점 배송기사님 모집 (월 고정급여 400만,서울 동대문,"4,000,000원",19:00~05:00,05/16
태성건업,에어컨보조기사구함 (성북구),서울 성북구,"20,000원",10:00~19:00,05/16
오름,오름 에서  파트타임 모집합니다,서울 노원구,"10,308원",시간협의,05/16
주식회사 태원로지스,버스탑승-마포/택배상하차/당일지급/14만원/단기알바가능,서울 강서구,"140,000원",시간협의,05/16
주식회사 태원로지스,버스탑승-마포/택배상하차/당일지급/14만원/단기알바가능,서울 은평구,"140,000원",20:30~06:00,05/16
주식회사 태원로지스,야간) 택배상하차/당일지급/14만원/단기알바가능/1,서울 강동구,"140,000원",20:30~06:00,05/16
주식회사 이라이소,주급) 서울 강남구 힐스테이트 갤러리 카페테리아 남자,서울 강남구,"10,000원",20:30~06:00,05/15
호텔인,[초보가능]16일 양재시민의숲역 AT포레웨딩 장/단기홀서,서울 서초구,"8,590원",11:30~17:30,05/15
굿보이이벤트,돌잔치&결혼식&각종 이벤트 사회자 모집,서울 강북구,"30,000원",시간협의,05/15
㈜펜디코리아,펜디코리아 이벤트 지원 단기 아르바이트 모집 (10명),서울 강남구,"10,000원",시간협의,05/15
명진맨파워에이전시,[서울_수도권] 월요일근무_당일지급_친구와함께고소득알,서울 노원구,"150,295원",시간협의,05/15
크린벨트,에어컨 청소 알바  모집합니다.,서울 전체,"100,000원",18:30~04:30,05/15
㈜중앙커머스,화곡동 유통상가 중앙커머스 알바2명 모집합니다,서울 강서구,"1,900,000원",09:00~18:00,05/15
주식회사 타우컴퍼니,[단기/주말/이벤트] 등촌역 모델하우스행사 진행요원 모,서울 양천구,"8,590원",09:00~19:00,05/15
네네치킨(번동점),네네치킨번동점 에서 라이더 모집합니다,서울 강북구,"2,800,000원",09:00~17:00,05/14
네네치킨(번동점),네네치킨번동점 에서 라이더 모집합니다,서울 강북구,"2,800,000원",시간협의,05/14
네네치킨(번동점),네네치킨번동점 에서 라이더 모집합니다,서울 강북구,"2,800,000원",시간협의,05/14
네네치킨(번동점),네네치킨번동점 에서 라이더 모집합니다,서울 강북구,"2,800,000원",시간협의,05/14
㈜펜디코리아,펜디코리아 이벤트 지원 단기 아르바이트 모집 (10명),서울 강남구,"10,000원",시간협의,05/14
CU 리테일,((급구)) CU편의점 배송기사님 모집 (월 고정급여 400만,서울 노원구,"4,000,000원",시간협의,05/14
CU 리테일,((급구)) CU편의점 배송기사님 모집 (월 고정급여 400만,서울 송파구,"4,000,000원",10:00~19:00,05/14
"한석-13(세한)/야간택배 상,하차,분류,일당",곤지암/야간알바/12만5천-15만/택배상하차/초보가능/단기,서울 관악구,"160,000원",10:00~19:00,05/14
"한석-13(세한)/야간택배 상,하차,분류,일당",곤지암/야간알바/12만5천-15만/택배상하차/초보가능/단기,서울 중랑구,"160,000원",19:00~05:00,05/14
주식회사 태원로지스,버스탑승-마포/택배상하차/당일지급/14만원/단기알바가능,서울 강서구,"140,000원",19:00~05:00,05/14
주식회사 태원로지스,버스탑승-마포/택배상하차/당일지급/14만원/단기알바가능,서울 은평구,"140,000원",20:30~06:00,05/14
주식회사 태원로지스,야간) 택배상하차/당일지급/14만원/단기알바가능/1,서울 강동구,"140,000원",20:30~06:00,05/14
한석-13팀,[석계역 탑승] 곤지암 / 상하차 / 단순분류 / 당일지급,서울 노원구,"111,670원",20:30~06:00,05/14
한석-13팀,[창동역 탑승] 곤지암 / 상하차 / 단순분류 / 당일지급,서울 도봉구,"111,670원",19:00~05:00,05/14
호치킨/은평뉴타운점,호치킨 은평뉴타운점에서 같이 근무할 직원 및 주방보조,서울 은평구,"9,000원",19:00~05:00,05/13
㈜우림맨테크/ NICE 강서사업부,"강서,양천]  현금호송 보안직원 모집 07시출근(신입가,",서울 양천구,"2,200,000원",12:30~01:00,05/13
㈜펜디코리아,펜디코리아 이벤트 지원 단기 아르바이트 모집 (10명),서울 강남구,"10,000원",07:00~17:00,05/13
우리동네 농산물 방학역3번출구앞,"야채,과일가게 오후알바지원바람",서울 도봉구,"9,000원",시간협의,05/13
한석-13팀,[사가정역 탑승] 곤지암 / 상하차 / 단순분류 / 당일지급,서울 중랑구,"111,670원",14:00~20:00,05/13
BGF리테일 /CU편의점,(주) CU편의점 배송기사님 모집 (월급여 500만원이상),서울 송파구,"4,800,000원",19:00~05:00,05/13
롯데백화점 강남점,롯데백화점 강남점 주차 발렛직원 모집합니다,서울 전체,"1,890,000원",10:00~21:00,05/13
젠틀무버스,소형원룸오피스텔이사 알바모집,서울 금천구,"80,000원",10:00~20:00,05/13
"한석-13(세한)/야간택배 상,하차,분류,일당",곤지암/야간알바/12만5천-15만/택배상하차/초보가능/단기,서울 관악구,"160,000원",시간협의,05/13
"한석-13(세한)/야간택배 상,하차,분류,일당",곤지암/야간알바/12만5천-15만/택배상하차/초보가능/단기,서울 중랑구,"160,000원",19:00~05:00,05/13
"한석-13(세한)/야간택배 상,하차,분류,일당",곤지암/야간알바/12만5천-15만/택배상하차/초보가능/단기,서울 관악구,"160,000원",,05/13
명진맨파워에이전시,[서울_수도권] 당일지급_오늘바로투입_친구와함께고소득,서울 도봉구,"150,295원",19:00~05:00,05/13
명진맨파워에이전시,[서울_수도권] 당일지급_오늘바로투입_친구와함께고소득,서울 강동구,"150,295원",19:30~05:30,05/13
명진맨파워에이전시,[서울_수도권] 당일지급_오늘바로투입_친구와함께고소득,서울 강서구,"150,295원",19:30~05:30,05/13
명진맨파워에이전시,[서울_수도권] 당일지급_오늘바로투입_친구와함께고소득,서울 노원구,"150,295원",19:30~05:30,05/13
명진맨파워에이전시,[서울_수도권] 당일지급_오늘바로투입_친구와함께고소득,서울 중랑구,"150,295원",19:30~05:30,05/13
명진맨파워에이전시,[서울_수도권] 당일지급_오늘바로투입_친구와함께고소득,서울 동작구,"150,295원",19:30~05:30,05/13
모빌리티시스템스,(평일/주말) 잠실모델하우스 주차 발렛파킹 요원 모집,서울 전체,"80,000원",19:30~05:30,05/12
BGF리테일 /CU편의점,(주) CU편의점 배송기사님 모집 (월급여 500만원이상),서울 은평구,"4,800,000원",10:00~20:00,05/12
CU 리테일,((급구)) CU편의점 배송기사님 모집 (월400만이상),서울 강북구,"4,000,000원",10:00~21:00,05/12
㈜BGF리테일/CU편의점/미니스톱/세븐일레븐,(편의점) 전국편의점 배송기사님/2회전가능/고정급여,서울 강동구,"4,250,000원",10:00~19:00,05/12
㈜BGF리테일/CU편의점/미니스톱/세븐일레븐,(편의점) 전국편의점 배송기사님/2회전/고정급여,서울 송파구,"4,000,000원",17:00~22:00,05/12
주식회사 태원로지스,버스탑승-마포/택배상하차/당일지급/14만원/단기알바가능,서울 강서구,"140,000원",17:00~22:00,05/12
주식회사 태원로지스,버스탑승-마포/택배상하차/당일지급/14만원/단기알바가능,서울 은평구,"140,000원",20:30~06:00,05/12
주식회사 태원로지스,야간) 택배상하차/당일지급/14만원/단기알바가능/1,서울 강동구,"140,000원",20:30~06:00,05/12
아웃소싱,[발산역인근]시급8800원/랜턴생산제조회사/하루4시간근무,서울 영등포,"950,000원",20:30~06:00,05/11
CU 리테일,((급구)) CU편의점 배송기사님 모집 (월400만이상),서울 노원구,"4,000,000원",14:00~18:00,05/11
BGF리테일 /CU편의점,(주) CU편의점 배송기사님 모집 (월급여 500만원이상),서울 도봉구,"4,800,000원",10:00~19:00,05/11
"한석-13(세한)/야간택배 상,하차,분류,일당",곤지암/야간알바/12만5천-15만/택배상하차/초보가능/단기,서울 노원구,"160,000원",10:00~21:00,05/11
명진맨파워에이전시,[석계역] 주간근무 선착순 시급만원이상 쉬운야간잔류처,서울 노원구,"95,000원",19:00~05:00,05/11
빛과소금/택배/상하차/야간/알바/일당,이천로젠 /일당당일 지급/ 짧은근무시간/일용직/알바/장,서울 광진구,"117,000원",09:00~18:00,05/11
㈜비즈메이트,배송보조 사원 모집/통근버스,서울 광진구,"1,970,000원",20:30~06:00,05/11
신지모루㈜,쇼핑몰 / 주5일 택배 포장 발송 및 관리 _ 풀타임 계약직,서울 마포구,"2,000,000원",07:00~15:00,05/11
㈜에이스피엠씨,[서울] 옥수래미안리버젠아파트 보안대원 모집 (3조2교대,서울 성동구,"2,170,000원",09:00~18:00,05/10
주식회사 태원로지스,버스탑승-마포/택배상하차/당일지급/14만원/단기알바가능,서울 강서구,"140,000원",08:00~18:00,05/10
주식회사 태원로지스,버스탑승-마포/택배상하차/당일지급/14만원/단기알바가능,서울 은평구,"140,000원",20:30~06:00,05/10
주식회사 태원로지스,야간) 택배상하차/당일지급/14만원/단기알바가능/1,서울 강동구,"140,000원",20:30~06:00,05/10
한석-13팀,[창동역 탑승] 곤지암 / 상하차 / 단순분류 / 당일지급,서울 도봉구,"111,670원",20:30~06:00,05/10
주식회사 타우컴퍼니,[단기/주말/이벤트] 등촌역 모델하우스행사 진행요원 모,서울 강서구,"8,590원",19:00~05:00,05/09
주식회사 태원로지스,버스탑승-마포/택배상하차/당일지급/14만원/단기알바가능,서울 영등포,"140,000원",09:00~17:00,05/09
주식회사 태원로지스,버스탑승-마포/택배상하차/당일지급/14만원/단기알바가능,서울 마포구,"140,000원",20:30~06:00,05/09
주식회사 태원로지스,버스탑승-마포/택배상하차/당일지급/14만원/단기알바가능,서울 서대문,"140,000원",20:30~06:00,05/09
BGF리테일 / CU편의점,((급구)) CU편의점 배송기사님 모집 (월400만이상),서울 노원구,"4,000,000원",20:30~06:00,05/08
BGF리테일 / CU편의점,((급구)) CU편의점 배송기사님 모집 (월400만이상),서울 강서구,"4,000,000원",15:00~21:30,05/08
BGF리테일 / CU편의점,((급구)) CU편의점 배송기사님 모집 (월400만이상),서울 강북구,"4,000,000원",15:00~21:30,05/08
"한석-13(세한)/야간택배 상,하차,분류,일당",곤지암/야간알바/12만5천-15만/택배상하차/초보가능/단기,서울 노원구,"160,000원",15:00~21:30,05/08
제이제이비어,[제이제이비어] 정직원(매니저)  모집[경력자],서울 강남구,"3,000,000원",19:00~05:00,05/08
작렬곱창&핫스타쭈꾸미,성실근면 장기알바생 모집,서울 동대문,"9,000원",18:00~04:00,05/08
하츠코이오카,양재 하츠코이 에서 함께 일하실 알바 구해요^^,서울 강남구,"9,000원",시간협의,05/08
명진맨파워에이전시,[서울수도권] 일요근무_핵꿀알바의귀환_알만한사람은다아,서울 노원구,"111,670원",21:00~03:00,05/08
명진맨파워에이전시,[서울수도권] 일요근무_핵꿀알바의귀환_알만한사람은다아,서울 중랑구,"111,670원",19:00~05:00,05/08
주식회사 태원로지스,버스탑승-마포/택배상하차/당일지급/14만원/단기알바가능,서울 은평구,"140,000원",19:00~05:00,05/08
주식회사 태원로지스,버스탑승-마포/택배상하차/당일지급/14만원/단기알바가능,서울 강서구,"140,000원",20:30~06:00,05/08
월350-400만,[숙식제공]이천SK하이닉스 실내 칸막이공사 모집,서울 관악구,"3,500,000원",20:30~06:00,05/08
라무진,라무진 영등포역점 알바 모집,서울 영등포,"11,000원",07:30~17:00,05/07
BGF리테일 /CU편의점,(주) CU편의점 배송기사님 모집 (월급여 480만이상),서울 중랑구,"4,800,000원",시간협의,05/07
BGF리테일 /CU편의점,서울북부 (주) CU편의점 배송기사님 모집 (월급여 480만,서울 노원구,"4,800,000원",09:30~17:30,05/07
㈜BGF리테일/CU편의점/미니스톱/세븐일레븐,(전화문의)기업최고매출 지역별 전국편의점 배송기사/고,서울 노원구,"4,500,000원",10:00~21:00,05/07
㈜BGF리테일/CU편의점/미니스톱/세븐일레븐,(전화문의)기업최고매출 지역별 전국편의점 배송기사/고,서울 동대문,"4,000,000원",13:00~21:30,05/07
㈜BGF리테일/CU편의점/미니스톱/세븐일레븐,(전화문의)기업최고매출 지역별 전국편의점 배송기사/고,서울 송파구,"4,000,000원",13:00~21:30,05/07
㈜비즈메이트,배송보조 사원모집/통근버스,서울 광진구,"1,970,000원",,05/07
태승물류,마포구 광흥창역 한진택배  오후알바 모집,서울 마포구,"8,800원",07:00~15:00,05/07
명진맨파워에이전시,[서울수도권] 일요근무_핵꿀알바의귀환_알만한사람은다아,서울 동작구,"111,670원",17:00~22:30,05/07
명진맨파워에이전시,[서울수도권] 일요근무_핵꿀알바의귀환_알만한사람은다아,서울 동작구,"111,670원",19:00~05:00,05/07
명진맨파워에이전시,[서울수도권] 일요근무_핵꿀알바의귀환_알만한사람은다아,서울 동작구,"111,670원",19:00~05:00,05/07
SJ시스템 (방충망시공업체),직원 및 알바/시급협의가능/초보가능/단순시공업무보조/,서울 서초구,"10,000원",19:00~05:00,05/07
은성푸드,[동대문_현대시티아울렛] B1식품관 오후알바 1명(남자),서울 중구,"9,000원",시간협의,05/06
명진맨파워에이전시,[서울_수도권] 당일지급_친구와함께고소득알바_왕복셔틀,서울 노원구,"150,295원",15:00~21:30,05/06
인테크,[평택삼성반도체]일11만/전기공사/주5일근무(성과급지급,서울 마포구,"110,000원",19:00~05:00,05/06
인테크,[평택삼성반도체]일11만/전기공사/주5일근무(성과급지급,서울 강동구,"110,000원",07:30~17:30,05/06
명진맨파워에이전시,[사당역] 당일지급_친구와함께고소득알바_왕복셔틀식사제,서울 동작구,"150,295원",07:30~17:30,05/06
㈜글로벌네트워크,"[김포아라뱃길-생산,생관 남] 김포,강서구/잔업,특근없음",서울 강서구,"2,000,000원",19:00~05:00,05/06
영통축산,"[정육 직원] 초급,중급,경력직원을 모집합니다",양천구 신월동,08:00~20:00,"2,362,850",22분전,월급
밀키,동대문 아동복 매장관리 직원 구함 8시간 근무,중구 신당동,21:00~05:00,"1,800,000",1시간전,월급
(주)보은자연농산,"강서농산물시장에서 함께일하실분(정규직, 아르바이트모집)",강서구 외발산동,00:30~12:30,"3,000,000",3시간전,월급
(주)골드피그,강남 논현동 【누구나 쉬운 골프장 예약 】골프장 예약대행,광진구 화양동,09:00~18:00,"3,300,000",3시간전,월급
스쿨푸드 삼성 딜리버리,+삼성동+【스쿨푸드 삼성점 배달대행 】라이더 직원 (경력자,강남구 삼성동,10:30~21:30,"3,300,000",3시간전,월급
교대 이층집,"홀서빙(남 1명, 여 1명) 직원 모집합니다.",성동구 성수동2,10:00~22:00,"2,400,000",4시간전,월급
은아건설인력,[노가다마인드]+일당현장+목돈벌자+장기근무가능+동반가능+숙,동대문구 이문동,07:00~17:30,"120,000",2시간전,일급
미반,"남 어린이집 식자재배송알바 (화,금) 09시~15시 시급10000원",성동구 성수동1,09:00~15:00,"10,000",10분전,시급
세븐일레븐 논현학나래점,"[논현역][일,월,화요일][20-02시까지]",강남구 논현동,20:00~02:00,"9,000",12분전,시급
GS25S6안암역점,GS25평일오후18:10-23:10아르바이트모집,성북구 전체,18:10~23:10,"8,590",17분전,시급
노랑통닭 아현점,노랑통닭 아현점에서 주방장 정직원  모집합니다.,마포구 아현동,16:00~02:00,"2,600,000",20분전,월급
LG전자 케어솔루션 영등포사무소,LG전자 케어솔루션 영등포사무소 특별채용 케어솔루션 매니저,영등포구 전체,09:00~18:00,"3,000,000",29분전,월급
우리농산물,남판매사원 구함,용산구 용문동,08:30~20:00,"3,000,000",38분전,월급
GS25중곡새싹점,gs25 중곡 새싹점 주말 야간알바 구해요,서울 전체,23:00~08:00,"9,000",43분전,시급
생각대로 창천점,생각대로[배달대행]창천점 최고의 환경 10만~25만원 가능 기,서대문구 창천동,11:00~23:00,"3,042",46분전,건별
신세계리빙텔,고시원 총무 구함 상주하실분 고령자가능,영등포구 영등포,08:00~08:00,"8,590",48분전,시급
GS25마곡12단지점,GS25마곡12단지점에서 평일 야간P/T채용합니다,강서구 마곡동,23:00~07:00,"9,000",1시간전,시급
GS25 가든파이브,평일 오전 근무,송파구 문정2동,07:00~12:30,"8,590",1시간전,시급
박찬욱타이어(길동점),타이어 교체 및 정비 판매업무 직원모집,강동구 성내동,09:00~19:00,"2,150,000",1시간전,월급
GS25상도장안점,"수,목,금 야간 근무자 급구 중장년층 환영",동작구 상도1동,23:00~09:00,"8,590",1시간전,시급
이마트,[새벽배송의 모든것] 고민마세요 월500만이상 집앞 배송 교포,성동구 전체,00:00~08:00,"4,500,000",2시간전,월급
GS25골든타워점,알바모집공고,구로구 오류동,13:00~18:00,"8,590",2시간전,시급
GS25화곡한빛점,목금 평일야간구함,강서구 화곡동,23:00~06:00,"8,590",2시간전,시급
교대이층집 발산점,[월급250] 평일9시간근무/주말12시간 /  발산역 교대이층집,강서구 마곡동,14:00~23:00,"2,500,000",3시간전,월급
GS25S6안암역점,GS25평일오후18:10-23:10아르바이트모집,노원구 전체,18:10~23:10,"8,590",2시간전,시급
(주)제이에이치스타일,남성의류 쇼핑몰 포장 아르바이트 모집 합니다.,동대문구 장안1,10:00~18:00,"8,590",05/24,시급
네네치킨,네네치킨(장위점)에서 배달 라이더 모집합니다.,성북구 장위동,17:00~05:00,"2,800,000",3시간전,월급
풀무원녹즙 반포홈,[일2시간/안정적인 부수입] 풀무원녹즙 새벽배달원 구인 초보,동작구 전체,00:00~02:00,"500,000",3시간전,월급
(주)바른로지스,"[SPC대기업배송지입기사 모집][3.5t,2.5t] 5,260,000원가능",송파구 전체,22:00~05:00,"60,000,000",3시간전,연봉
웰빙마트,웰빙마트신림점(대학동)에서 배송팀 직원을 모집합니다.,서울 전체,11:30~20:30,"1,900,000",3시간전,월급
세븐일레븐 반포은석점,금.토 야간 근무자 모집 근무지는 세븐 역삼은석점,서초구 반포동,22:00~08:00,"9,300",3시간전,시급
황금어수산,[수산물배송]활어차(1톤탑) 초봉270 / 휴게식사자율 / 기혼자,강동구 전체,05:00~15:00,"2,700,000",3시간전,월급
CU 항동3단지점,씨유 편의점 화ㆍ목  오후3~9시근무자구함,구로구 항동,15:00~21:00,"8,600",3시간전,시급
이천 로젠 물류센터,【당일현금지급】야간 물류 택배 상하차 인력 모집 10만4천원,중랑구 전체,20:30~06:00,"104,000",4시간전,일급
노랑통닭 서울역점,"(월260)남자직원(숙식제공,지방분) 모집합니다",서울 전체,17:00~04:00,"2,600,000",4시간전,월급
GS25KD사옥점,"GS25편의점 평일 야간매니저 구합니다 (시급10,440원)",서울 전체,23:00~06:00,"10,440",4시간전,시급
GS25공항하늘점,GS25 공항하늘점에서  주말 야간 근무자를 모집합니다.(주2일,강서구 공항동,24:00~07:00,"8,600",4시간전,시급
롯데리아 개봉역점,아르바이트 모집 합니다.,구로구 개봉1동,17:00~23:00,"8,590",4시간전,시급
생각대로 서강점,[콜폭주] 생각대로 마포 신촌 홍대 배달대행 숙소제공 자율근,마포구 전체,00:10~00:00,"200,000",4시간전,일급
현대백화점 천호점,현대백화점 문화센터 평일 A/R 모집 (사진첨부필수),강동구 천호동,09:00~18:30,"8,600",4시간전,시급
GS25강서자이타워점,GS25강서자이타워점  (목금) 모집합니다(16:30~23:30),강서구 전체,16:30~23:30,"8,590",4시간전,시급
이마트-트레이더스,이마트-트레이더스 배송기사-하루8시간일하고435만원+a/투잡,서초구 양재동,10:00~18:00,"5,000,000",5시간전,월급
GS25신월베스트점,"GS25 신월베스트점 평일야간(수,목) 주2일00:00-07:00 모집합",양천구 신월동,00:00~07:00,"8,600",5시간전,시급
호치킨 신월1호점,"[호치킨_신월1호점] 주방알바 구합니다. (시급: 10,308원 주",양천구 신월4동,18:00~01:00,"8,590",5시간전,시급
GS25 성북동진점,GS25주말야간주1회근무모집  금요일 이나 토요일  번갈아 함,성북구 종암동,21:30~08:00,"10,000",5시간전,시급
호치킨 신월1호점,"[호치킨_신월1호점] 주방알바 구합니다. (시급: 10,308원 주",양천구 신월4동,18:00~01:00,"8,590",5시간전,시급
호식이두마리치킨 신길1호점,호식이두마리치킨 신길점  배달알바 구합니다,영등포구 신길동,18:00~03:00,"10,000",6시간전,시급
노랑통닭 화곡역점,주말주방보조 금-일 18:00 ~ 24:00,강서구 화곡동,18:00~24:00,"9,000",6시간전,시급
세븐일레븐 송파헬리오점,주말 야간 구함,서울 전체,21:00~08:00,"8,800",6시간전,시급
세븐일레븐 반포은석점,주말 야간 근무자 모집 근무지는 세븐 역삼은석점,서초구 반포동,22:00~08:00,"9,300",6시간전,시급
하남F&B 장안사거리점,하남돼지집 장안사거리점에서 아르바이트직원을 채용합니다.,동대문구 전체,18:00~22:00,"9,000",7시간전,시급
CU 중화제일점,Cu 중화제일점  토요일 야간알바 모집합니다.,중랑구 중화동,21:00~09:00,"8,590",7시간전,시급
노랑통닭 수유점,주방 정직원모집 (월240~260만원 / 초보가능) / 경력자 급여,강북구 수유동,16:00~03:00,"2,600,000",7시간전,월급
GS25양평보보점,GS25에서 주4일야간 근무자 모집합니다,영등포구 전체,22:00~07:00,"8,590",7시간전,시급
GS25신월베스트점,"GS25 신월베스트점 평일야간(수,목) 주2일00:00-07:00 모집합",양천구 신월동,00:00~07:00,"8,600",8시간전,시급
명진맨파워에이전시,[서울_수도권] 고소득 당일지급_전지역셔틀운행 식사제공_국,동작구 전체,19:00~05:00,"150,295",13시간전,일급
(주)아이무빙,사무실이사 기업이사 사무집기 당일지급 단기알바 장기알바,성동구 성수동2,08:00~18:00,"80,000",18시간전,일급
늘크린(연신중학교),"연신중학교 청소및소독 ,방역",은평구 불광동,07:30~12:30,"9,500",19시간전,시급
GS프레쉬,GS프레쉬식자재배송기사모집합니다,동작구 전체,09:00~06:00,"2,850,000",14시간전,월급
범아코퍼레이션,{월350만+}편의점 배송기사 모집/부부동반.친구동반.초보.가,마포구 전체,00:00~24:00(로테이션),"4,500,000",14시간전,월급
범아코퍼레이션,{월350만+}편의점 배송기사 모집/부부동반.친구동반.초보.가,동작구 전체,00:00~24:00(로테이션),"4,500,000",14시간전,월급
범아코퍼레이션,{월350만+}편의점 배송기사 모집/부부동반.친구동반.초보.가,강동구 전체,00:00~24:00(로테이션),"4,500,000",14시간전,월급
범아코퍼레이션,{월350만+}편의점 배송기사 모집/부부동반.친구동반.초보.가,종로구 전체,00:00~24:00(로테이션),"4,500,000",14시간전,월급
범아코퍼레이션,{월350만+}편의점 배송기사 모집/부부동반.친구동반.초보.가,노원구 전체,00:00~24:00(로테이션),"4,500,000",14시간전,월급
다함 시스템,【 다함시스템 】경호원 채용공고,서울 전체,09:00~18:00(로테이션),"2,000,000",15시간전,월급
지코바 양념치킨,봉천배달직원 / 식대포함 290 주1회휴무,관악구 봉천동,12:30~24:30,"2,900,000",16시간전,월급
늘크린(개운초등학교),개운초등학교 급식배선및주방도우미,성북구 돈암동,12:00~14:40,"30,000",22시간전,일급
루프세븐,종각 루프7 금.토요일 알바구합니다,종로구 관철동,18:00~11:00,"9,000",19시간전,시급
스카이라인로지스틱스(주),직원구합니다.( 의류 상하차 ),강서구 공항동,02:00~10:00,"2,300,000",21시간전,월급
신한서브,[성수역/장애인/맞교대/207만원]교회 경비 모집,강동구 전체,07:00~07:00(로테이션),"2,073,500",05/25,월급
비주얼링크,아르바이트 모집 주 5일,강동구 성내동,10:00~18:00,"1,650,000",05/21,월급
개나리아구찜,"홀서빙 평일, 주말 알바 구합니다.",송파구 방이동,17:30~23:30,"10,000",23시간전,시급
바른로지스,"서울우유 배송기사 / 월550이상~ +@ 초보환영,경력우대",강북구 전체,00:00~08:00,"5,000,000",05/25,월급
어다리횟집교대점,어다리횟집교대점 홀서빙알바 구합니다,서초구 서초동,11:00~15:00,"9,000",05/25,시급
카페노어스,"카페노어스 / 금,토 미들 알바 모집합니다",광진구 구의동,13:00~17:00,"8,600",05/25,시급
신한서브,[성수역/장애인/맞교대/207만원]교회 경비 모집,성동구 전체,07:00~07:00(로테이션),"2,073,500",05/25,월급
Hotel de ciel,태릉호텔 드씨엘 에서 프론트직원 모십니다,중랑구 묵1동,09:30~21:00,"2,413,790",05/25,월급
제이시스템,제이시스템(시스템동바리 초보13만원)에서 가족처럼 일하실분,중랑구 면목2동,07:00~17:00,"130,000",05/25,일급
(주)엠프로,행사집기비품이동,용산구 한강로3,10:30~01:30,"10,000",05/25,시급
대호철강,절단 절곡기사 구함 초보자환영,동대문구 용두동,08:30~18:00,"8,590",05/25,시급
(주)디아씨앤씨,【 용산전자상가 】컴퓨터주변기기 도보 배송 직원/매장관리,용산구 용산동2,09:30~18:30,"25,000,000",05/25,연봉
카도야라멘 연신내점,[일본라멘전문점/단순&쉬운 주방업무] 주방정규직원 모집(월,은평구 갈현동,10:30~22:30,"2,500,000",05/25,월급
(주)새론피엠에스,[현대백화점/압구정역1분]주차관리/수신호,강남구 압구정동,10:00~20:00,"2,217,060",05/25,월급
노랑통닭,남주방직원 모집,도봉구 창동,16:00~02:00,"2,600,000",05/25,월급
로젠택배 동강남점(주),택배 로젠택배 동강남점 에서 집하 및 배송직 모집,강남구 역삼동,08:00~18:00,"4,000,000",05/25,월급
성산푸줏간,[초보가/기술자300만이상] 정육점 관리직원구함 [배우면서 일,강남구 대치동,09:30~21:00,"3,000,000",05/24,월급
gs25,GS25 강서힐스테이트점  평일 야간근무자 구함  월~금,강서구 화곡동,23:00~08:00,"8,590",05/23,시급
두리사,【 + 급구 + 】속옷의류 도매 매장 직원모집/월200만#신평화,중구 신당동,08:00~17:00,"2,000,000",05/22,월급
(주)해드림푸드,마포이마트 축산코너 맥돈(해드림푸드)남사원 구인합니다,마포구 전체,09:00~17:00,"2,200,000",05/19,월급
(주)삼표에너지 GS목동주유소,GS목동주유소 주유사원과  (직원주임)을 모집합니다.,양천구 전체,15:00~22:00,"8,590",05/12,시급
노랑통닭 서울역점,"(월260)남자직원(숙식제공,지방분,사연있으신분, 새출발하신",서울 전체,17:00~04:00,"2,600,000",12시간전,월급
강서수산,『서울지역 & 경기 전지역 수산물 매장 근무할  남 직원 모집,강서구 전체,08:00~20:00,"130,000",15시간전,일급
다함 시스템,【 다함시스템 】경호원 채용공고,서울 전체,09:00~18:00(로테이션),"2,000,000",15시간전,월급
바른로지스,쿠팡 생수전담 배송 / 월 550이상~ / 거주지인근배정 / 초보,용산구 전체,09:00~17:00,"4,000,000",16시간전,월급
바른로지스,이디야 커피재료 배송 / 450이상~ / 피킹없음 [지입],서대문구 전체,21:00~05:00,"3,700,000",16시간전,월급
자비스inc,주말엔 쉬자-주5일.은행 안내직.청원경찰.초보가능-시중은행,용산구 한남동,08:30~17:30,"1,950,000",16시간전,월급
BHC치킨 하계점,BHC 치킨 하계점 배달 직원 구합니다.,노원구 전체,12:00~24:00,"3,000,000",17시간전,월급
짚신매운갈비찜 미아점,"짚신매운갈비찜 본점에서 주방 정직원 , 홀 아르바이트 채용",강북구 미아동,16:00~03:00,"2,400,000",18시간전,월급
교촌치킨 공릉2호,배달 아르바이트 모집합니다(교촌치킨 공릉2호점),노원구 공릉동,17:00~12:00,"10,000",21시간전,시급
짝태앤노가리,짝태앤노가리 문정역점 홀서빙알바 모집,송파구 문정동,20:00~24:00,"10,000",23시간전,시급
신촌구이마을,신촌 홀및주방직원 주5일제 10시간근무,서대문구 창천동,11:30~19:30(로테이션),"2,200,000",05/25,월급
교촌치킨 신대방점,교촌치킨 신대방점 배달알바 구합니다.,영등포구 대림2,12:00~00:00,"10,000",05/25,시급
피자알볼로 구로점,직원 및 배달스탭 구인,구로구 구로동,11:00~22:00,"10,000",05/25,시급
노랑통닭 용산점,"남직원(숙식제공,지방분환영,새출발) 망설이지마시고 연락주",용산구 용문동,17:00~03:30,"2,400,000",05/25,월급
세븐일레븐 은석점,금토  야간 근무자   모집합니다.,강남구 역삼동,22:00~08:00,"9,300",05/25,시급
이마트에브리데이양천향교역점,[이마트에브리데이 양천향교역점] 진열 및 하역  직원 모집,강서구 가양1동,08:00~14:30,"1,614,920",05/25,월급
윈택디자인,압구정 현대백화점 본점 4층 구찌 매장 공사현장_현장정리,강남구 압구정동,08:00~18:00,"100,000",05/25,일급
맛닭꼬(신길점),가족같이 일할 홀 알바 구함,영등포구 신길6,19:00~23:00,"8,590",05/25,시급
탑플레이스PC방,(평일야간)탑플레이스 pc방 내방역점에서 인재를 모집합니다,서초구 방배동,23:00~09:00,"9,000",05/25,시급
길투당구클럽(성내),길투당구클럽(성내점)에서 주말 저녁 근무자를 구합니다.,강동구 성내동,18:00~24:00,"8,590",05/25,시급
다미참치,참치전문점 다미참치에서 주방직원 모집합니다,노원구 상계동,13:30~23:30,"2,200,000",05/25,월급
GS25신월베스트점,"GS25 신월베스트점 평일야간(수,목) 주2일00:00-07:00 모집합",양천구 신월동,00:00~07:00,"8,600",05/25,시급
고기나라,"[주말알바급구]한우전문점 홀서빙[금-일, 17시-22시, 시급 9",동대문구 답십리,17:00~22:00,"9,000",05/25,시급
전통한우푸줏간,"[전통한우푸줏간]중급 (300 협의가,경력자만 지원 가능) 모집",동대문구 장안동,09:00~22:00,"3,000,000",05/25,월급
오복수산,가락시장 남판매및배달[밤10-10시 월300만[오토바이가능자 시,송파구 전체,22:00~10:00,"3,000,000",05/25,월급
스시진,천호 스시진에서  가족같이  함께할  초다이를 구합니다,강동구 천호동,10:00~22:00,"2,500,000",05/24,월급
푸라닭 신방화역점,푸라닭 신방화역점 직원 모집,강서구 마곡동,16:00~01:00,"2,300,000",05/24,월급
스포애니 잠실점,스포애니 잠실점 휘트니스/헬스클럽/헬스장 심야 F.C 모집,송파구 삼전동,23:00~08:00,"8,590",05/24,시급
ROH,홀서빙 파트타이머 모집,금천구 가산동,18:00~22:00(로테이션),"10,000",05/24,시급
풍년상회,풍년상회 쪽갈비집  주말알바 구합니다,강동구 명일동,18:00~24:00,"10,000",05/24,시급
비비큐중계은행점,"비비큐 치킨 배달 모집(주말,평일)",노원구 중계본동,14:00~24:00,"10,000",05/24,시급
1943,1943 신림점 홀/주방 같이 일하실 가족구합니다.,관악구 신림동,19:00~05:00,"8,590",05/24,시급
맛닭꼬(신길점),가족같이 일할 홀 알바 구함,영등포구 신길6,19:00~23:00,"8,590",05/24,시급
싹쓰리솥뚜껑삼겸살,창동/쌍문/수유 고기집 저녁 서빙,도봉구 창동,18:00~23:00,"8,590",05/24,시급
노트비즈,컴퓨터 / 노트북 포멧 (장비실에서 상주)단순업무,서울 전체,09:00~18:00,"8,590",05/24,시급
이마트-트레이더스,이마트-트레이더스 배송기사-하루8시간일하고435만원+a/투잡,서초구 전체,10:00~18:00,"5,000,000",05/24,월급
더킹스커피 대학로점,킹스빈커피 대학로점에서 주말스텝 모집합니다.,종로구 혜화동,16:00~21:00,"8,590",05/24,시급
보나베띠 광화문점,보나베띠 광화문점에서 점심/저녁 알바 구합니다.,종로구 수송동,10:00~14:00,"8,600",05/24,시급
노랑통닭 용산점,"남직원(숙식제공,지방분환영) 평일홀알바(월~목) 즐겁게 일해",용산구 용문동,17:00~03:30,"2,400,000",05/24,월급
목포횟집,(횟집) 주방실장 모집,동작구 전체,15:30~02:00,"3,500,000",05/24,월급
GS25역삼쌍마점,주말야간 / 근무자 찾습니다.,강남구 역삼동,22:00~08:00,"8,700",05/24,시급
GS25S6봉화산역점,[주중 오후]봉화산역사 내 gs25 파트타이머 구인,중랑구 신내동,19:30~23:30,"8,590",05/24,시급
피자헛 약수2호점,[배달] 시급:11.000원이상,중구 신당동,11:00~22:00,"9,500",05/24,시급
GS25 신림관천로점,(급구) 평일 야간 (일요일 ~ ( 월요일 ~ 목요일),관악구 신림동,23:00~09:00,"8,590",05/24,시급
다미참치,참치전문점 다미참치에서 주방직원 모집합니다,노원구 상계동,13:30~23:30,"2,200,000",05/24,월급
바른로지스,- 롯데마트 배송 기사 - [400이상~][지입],용산구 전체,10:30~21:30,"3,500,000",05/24,월급
바른로지스,- 롯데마트 배송 기사 - [400이상~][지입],관악구 전체,10:30~21:30,"3,500,000",05/24,월급
쿠팡생수특판팀,쿠팡생수배송기사모집/월550만원이상/추가물량선택/거주지인,노원구 전체,09:00~17:00,"5,000,000",05/24,월급
쿠팡생수 특판팀,쿠팡생수배송기사모집/월550만원이상/추가물량선택/거주지인,강남구 전체,09:00~17:00,"5,000,000",05/24,월급
GS25역삼쌍마점,주말야간 / 근무자 찾습니다.,강남구 역삼동,22:00~08:00,"8,700",05/24,시급
쿠팡생수특판팀,쿠팡생수배송기사모집/월550만원이상/추가물량선택/거주지인,서대문구 전체,09:00~17:00,"5,000,000",05/24,월급
GS프레쉬,GS프레쉬식자재배송기사모집합니다,동작구 전체,09:00~06:00,"2,850,000",05/24,월급
테트리스찜닭 구로점,[월급 280만/주6일] 테트리스찜닭 구로점 점장 모집,구로구 전체,11:00~23:00,"2,800,000",05/24,월급
(주)성심인력개발,건설인력 대모집(일당잡부및 모든 기공) 주말알바도 가능함,종로구 교북동,시간협의,"8,590",05/24,시급
불광수산,『서울지역 & 경기 전지역 수산물 매장 근무할  남 직원 모집,서대문구 전체,08:00~20:00,"130,000",05/24,일급
(주)에스앤피로지스,GS프레쉬식자재배송기사모집합니다,동작구 노량진동,시간협의,"2,800,000",05/24,월급
리안,【추천】성실하고 서비스마인드 좋으신 발렛파킹 직원 모집,강남구 신사동,11:00~22:00,"2,400,000",05/24,월급
성락교회/자비스inc,장애인선발. 초보가능-주간/야간 격일근무 / 성수동 성락교회,성동구 성수동2,07:00~07:00,"2,073,500",05/23,월급
은아건설인력,[노가다마인드]+일당현장+목돈벌자+장기근무가능+동반가능+숙,은평구 응암동,07:00~17:30,"120,000",05/23,일급
다함 시스템,【 다함시스템 】경호원 채용공고,서울 전체,09:00~18:00(로테이션),"2,000,000",05/23,월급
미래약국,약무보조 아르바이트,성북구 안암동5,10:00~18:00,"8,590",05/23,시급
탐나종합어시장 당산역점,야간 홀직원 구합니다,영등포구 양평동,17:00~05:00,"2,700,000",05/23,월급
조선화로집,조선화로집 방이점   남자 주방직원  홀 아르바이트 구합니다,서울 전체,12:30~23:30,"2,300,000",05/23,월급
TGO PC방,"주말 오후, 평일 야간 스탭 모집합니다.",은평구 전체,18:00~23:00,"8,600",05/23,시급
왕십리곱창,일잘하고 바로 일할수 있는 알바 구합니다,강북구 수유동,19:00~01:00,"1,700,000",05/23,월급
라인공조,에어컨설치 보조기사,서울 전체,08:00~19:00,"2,500,000",05/23,월급
GS25 신림관천로점,(급구) 05/20 수요일  단기 알바 오후 17:00 ~ 오후 21:00,관악구 신림동,23:00~09:00,"8,590",05/23,시급
더김스타에프엔씨,현대백화점 디큐브시티점 닭재이김재환 단기아르바이트 채용,구로구 신도림동,10:00~21:00,"11,000",05/23,시급
현대아울렛디씨마트,생활용품매장  매장관리 남직원모집 오후4시ㅡ10시 급여140만,관악구 봉천동,16:00~22:00,"1,400,000",05/23,월급
더바른 한의원,한의원 짐정리및 청소알바 구인합니다.,구로구 구로동,07:00~13:00,"10,000",05/23,시급
GS25 구로중앙유통점,(평일오후) 근무자 문자지원,구로구 구로2동,12:30~17:30,"8,590",05/23,시급
화통소금구이,화통 소금구이에서 알바 구합니다.,도봉구 창동,19:00~23:00,"9,200",05/23,시급
라온발렛,[주말]응암역 근처 발렛파킹  일하실분 모집 합니다.,은평구 응암동,11:00~20:00,"10,000",05/23,시급
(주)월드스포츠가인볼링센터,볼링장.락볼링장 아르바이트 모집,서울 전체,18:00~24:00,"8,590",05/23,시급
세븐일레븐 번동제일점,세븐번동제일점 매주 토요일 야간근무자 모집,강북구 번동,23:00~07:00,"8,590",05/23,시급
gs25 신도림비즈점,금요일 야간 근무자 구해요,구로구 구로동,00:00~07:00,"9,500",05/23,시급
한양대 니뽕내뽕 파크에비뉴점,니뽕내뽕 한양대점 주방 실장 모집,성동구 행당동,10:00~21:30,"2,700,000",05/23,월급
롯데리아 왕십리역사점,롯데리아 왕십리역사점 [심야 배달사원] 급구 합니다.,동대문구 전체,01:00~10:00,"8,590",05/23,시급
다미참치,참치전문점 다미참치에서 주방직원 모집합니다,노원구 상계동,13:30~23:30,"2,200,000",05/23,월급
호식이두마리치킨 오류1호점,호식이 두마리 오류1호점에서 배달 알바 구합니다,구로구 전체,18:00~24:00,"10,000",05/23,시급
해주산업(해주씽크),[월200만 이상] 씽크대 공장 직원 모집(씽크대 재단/조립/시,영등포구 도림동,08:30~18:00,"2,000,000",05/23,월급
웰빙할인마트,공산품 남여 직원 구합니다 (웰빙할인마트),은평구 응암동,시간협의,"8,590",05/23,시급
청운성업,운전기사(3.5톤)지게차운전자우대 08시~18시 격주새벽출근 명,강서구 전체,시간협의,"2,800,000",05/23,월급
양천신정1315 영업소,【강력추천】 택배배달 직원모집 /,양천구 신정동,08:00~18:30,"2,800,000",05/23,월급
체인지글라스,【+체인지글라스+】유리시공작업자 모집합니다,양천구 신월동,07:30~17:30,"110,000",05/23,일급
(JT)정통물류,[주5일/공휴일휴무][대기업 오피스 사무용품 차량.경비제공.,송파구 전체,시간협의,"5,000,000",05/23,월급
일진컨트롤,"자동제어판넬(PLC,TOUCH PANEL,SERVO 등등 응용)제작,설치,시",성동구 성수동,시간협의,"22,000,000",05/23,연봉
(주)서현운수,용산구[이마트-마켓컬리-GS] 야간-새벽배송+HOT+ 코로나에도,용산구 전체,16:00~23:30,"6,300,000",05/23,월급
주)동천물류,일산~수도권 1톤 320만 /주5일근무 /업무수월 중장년층가능,강서구 전체,05:00~18:00,"3,000,000",05/23,월급
대신스톤,건설현장직 석재노무직/준기공 모집구함 [일당14만원~]/초보,중랑구 전체,시간협의,"8,590",05/23,시급
운수법인 ㈜서강화물,"서강화물 대기업 LG, 5톤윙바디, 고정물량운송 (구미-군포)왕",동대문구 전체,시간협의,"72,000,000",05/23,연봉
고시원,고시원 총무(남) 구함 상주하실분(현재 고시원에 상주하시는,영등포구 전체,시간협의,"8,590",05/23,시급
그린팜마트,[그린팜마트 ] 군자역  마트 공산남직원 오전9시~오후9시/경,광진구 군자동,시간협의,"8,590",05/23,시급
메인산업,코킹기술자 구함 현장근무 경력자,송파구 송파동,시간협의,"8,590",05/23,시급
이마트,유류비지원+학자금지원 (이마트 배송기사모집)기본급320만원,강남구 논현동,10:00~19:00,"4,500,000",05/23,월급
(주)코오롱지엘에스,개인신용좋다면[무자본시작가능1톤탑차소유주환영/차량없는분,강서구 전체,시간협의,"4,000,000",05/23,월급
운수법인 ㈜서강화물,"구미공장.군포공장 ㈜LS산전,㈜LG이노텍 - 5톤윙바디 지입운",은평구 전체,시간협의,"72,000,000",05/23,연봉
(주)서현운수,관악구[이마트-마켓컬리-GS] 야간-새벽배송+HOT+ 코로나에도,금천구 전체,16:00~23:30,"6,300,000",05/23,월급
오케이취업정보,[구인구직] 경비(일반.주차관리) / 시설관리 /미화 /파출 전,강서구 화곡동,07:00~07:00,"1,750,000",05/23,월급
(주)건영물류,"편의점 배송,납품 기사 모집 / 오전, 오후, 야간",관악구 봉천동,시간협의,"3,900,000",05/23,월급
네오PC방,[급구] PC방 주말아르바이트 모집/(금~토 or 금~일)/22시~09,동대문구 장안동,22:00~09:00,"8,590",05/23,시급
하이비지니스로지스틱스,【LG전자】가전설치 부기사 모집 / 월 250만원이상 (초보가능,송파구 잠실동,08:00~18:00,"2,500,000",05/22,월급
OTM,양재동 롯데 모델하우스 운전자 모집 주급지급 단기알바,서초구 양재동,09:00~18:00,"74,000",05/22,일급
미니스톱 테헤란로점,"[미니스톱] 주말야간 (시급: 8,600원) 파트타임모집",강남구 대치동,23:30~06:30,"8,600",05/22,시급
런드리고,[런드리고]새벽배송 비대면 가정집배송업무/월500만이상/초보,영등포구 전체,09:30~03:00,"5,000,000",05/22,월급
불난술집(노원점),808비어 직원구합니다.(노원역),노원구 상계동,18:00~04:00,"2,100,000",05/22,월급
도란도란,월 화 수 목 평일마감구합니다,노원구 중계동,22:00~02:00,"8,800",05/22,시급
서오릉피자,2-30대 남 주방직원 경력자 구함,은평구 대조동,10:50~22:30,"2,600,000",05/22,월급
잔치집,"가산디지털식당  조리사 주5일(공휴일,주말휴무)",금천구 가산동,09:00~21:00,"2,400,000",05/22,월급
kps,23일 화곡으로 오전7시50분까지 오실수 있는분,강서구 화곡동,08:10~17:00,"70,000",05/22,일급
코끼리할인마트광장점,[코끼리할인마트 광장점] 공산품진열담당 직원구함,광진구 광장동,13:00~18:00,"10,000",05/22,시급
스포애니 잠실점,스포애니 잠실점 휘트니스/헬스클럽/헬스장 심야 F.C 모집,송파구 삼전동,23:00~08:00,"8,590",05/22,시급
발산역점 통파이브,통파이브 마곡발산점에서 주방 알바 모집합니다,강서구 마곡동,18:00~02:00,"9,500",05/22,시급
피자알볼로 일원수서점,피자알볼로 일원수서점 평일주방/배달/주만배달 구합니다.,강남구 일원동,11:00~22:00,"8,600",05/22,시급
더김스타에프엔씨,현대백화점 디큐브시티점 닭재이김재환 단기아르바이트 채용,구로구 신도림동,10:00~21:00,"11,000",05/22,시급
저스트텐동 익선점,저스트텐동 익선점 주방보조 채용,서울 전체,11:00~21:00,"9,000",05/22,시급
당진아구찜,주방실장 모집,동대문구 전체,10:00~22:00,"2,700,000",05/22,월급
노랑통닭,주방직원 모집,강북구 수유동,16:00~02:00,"2,600,000",05/22,월급
GS25 구로중앙유통점,(평일오후) 근무자 문자지원,구로구 구로2동,12:30~17:30,"8,590",05/22,시급
안전지대 휘트니스,헬스장 마감 꿀알바,서초구 방배동,23:00~24:00,"10,000",05/22,시급
싸게파는집,[목동점] 남 판매직원 구함,양천구 목동,07:30~18:30,"2,900,000",05/22,월급
식신,식신 매운양푼갈비찜  홀서빙 알바 구함,강서구 화곡1동,18:00~23:00,"9,000",05/22,시급
홈플러스 영등포점,[홈플러스 영등포점]마트배송/온라인몰배송/월400만이상/고수,영등포구 영등포,10:00~18:00,"4,000,000",05/22,월급
홈플러스 월곡점,홈플러스/마트배송/월400만이상/초보가능/고령가능/고수익배,강북구 미아동,10:00~18:00,"4,000,000",05/22,월급
KM취업포탈,건설현장/화성.이천.칸막이.외장판넬/일당11만~11만5천원이상,관악구 전체,07:00~17:00,"3,300,000",05/22,월급
GS25역삼넥스빌,GS25 역삼넥스빌점에서 평일야간 알바구합니다,강남구 역삼동,23:00~08:00,"8,590",05/22,시급
현대인력개발,[당일지급 12만~25만] 서울전지역/건설인력/공사현장/날씨무,강남구 역삼동,06:10~17:00,"120,000",05/22,일급
(주)다원물류,안정된 대기업배송직/ 운전직급여550만/기본급348만/ 경비별,성동구 전체,06:00~12:00,"4,900,000",05/22,월급
초원호프,치킨호프서빙 시급10000원,중구 을지로3가,18:00~23:00,"300,000",05/22,주급
직화한상 서소문점,[직화한상 서소문점] 주방오전파트타임 구합니다.,중구 전체,10:00~15:00,"8,590",05/22,시급
만족오향족발상암DMC점,【주방보조(마감알바)모집】주5일(협의) /17:30~22:30,마포구 상암동,17:30~22:30,"8,590",05/22,시급
이타마에,너무나성실하신  주방직원구합니다장기근무가능하신분공고내,영등포구 여의도,10:00~22:00,"2,800,000",05/22,월급
(주)범아코퍼레이션,편의점 배송/ 고정급 330만원+a/ 시간 선택 가능/ 유류비 전,강남구 전체,00:00~24:00(로테이션),"3,300,000",05/22,월급
어사또,『서울지역 & 경기 전지역 수산물 매장 근무할  남 직원 모집,관악구 인헌동,08:00~20:00,"130,000",05/22,일급
(주)대가그린푸드,[초봉270만원부터/시급1만원이상]식자재관리배송 정직원 및,구로구 전체,22:00~09:00,"2,700,000",05/22,월급
일양수산,남(농수산시장내)직원구함/월230~/오토바이운전자우대,강서구 외발산동,02:00~11:00,"2,300,000",05/22,월급
한일LED조명,"남판매직원 및 재고관리(전기,자재판매상) 주5일근무",동대문구 답십리,06:30~18:00,"2,300,000",05/22,월급
햇빛나라,남 아르바이트직원 모집합니다/성실하고 오래근무하실분 환영,서초구 반포동,13:00~20:00,"10,000",05/22,시급
(주)디아씨앤씨,【 용산전자상가 】컴퓨터주변기기 도보 배송 직원/매장관리,종로구 종로5가,09:30~18:30,"25,000,000",05/22,연봉
청담동 발렛,"청담동 음식점【주6일/190만원/시간협의】발렛파킹, 대리주차",강남구 논현동,11:00~19:00,"1,900,000",05/21,월급
별유통,화곡동 유통상가 정육용품/일회용품 배송 및 매장관리 정직원,강서구 전체,08:30~18:00,"2,300,000",05/21,월급
(주)범아코퍼레이션,편의점 배송/ 고정급 330만원+a/ 시간 선택 가능/ 유류비 전,은평구 전체,00:00~24:00(로테이션),"3,300,000",05/21,월급
(주)다원,"터미널 택배/상하차/분류(당일지급113,100~170,000)【(주)다",관악구 봉천동,18:00~06:00,"170,000",05/21,일급
무빙로직스(주),월500만이상가능/서울우유배송기사/쉬운업무/초보가능,구로구 개봉동,22:00~07:00,"5,000,000",05/21,월급
불난술집(노원점),808비어 직원구합니다.(노원역),노원구 상계동,18:00~04:00,"2,100,000",05/21,월급
(주)브로젝스 청담점,(주5일) 음악이 있는 볼링펍 스매싱볼 청담점에서 직원 모집,강남구 청담동,22:30~08:00,"2,150,000",05/21,월급
그립파라다이스,CF광고촬영팀(그립팀)에서 새로운 인재를 찾습니다,도봉구 전체,08:00~18:00,"2,800,000",05/21,월급
(주)코리아스트렝스,코리아스트렝스(크로스핏세다)  코치 채용,영등포구 당산동,18:00~22:00,"20,000",05/21,시급
굿모닝마트,정육담당 9-22시(토격주근무)월300만 4대보험 퇴직금 월차있,동작구 본동,09:00~22:00,"3,000,000",05/21,월급
맥주창고 서울대입구,맥주창고 서울대입구 샤로수길 / 문자지원 /  상세내용참고,관악구 봉천동,17:00~05:00,"2,800,000",05/21,월급
하나은행/자비스inc,주말엔쉬자-주5일.은행 안내직.초보자가능(청원경찰)-하나은,서초구 서초동,08:30~17:30,"1,989,000",05/21,월급
자비스INC,시청역-보안요원.주말휴무지원.초보가능-신한은행 본점,중구 삼각동,08:30~18:00,"2,300,000",05/21,월급
룩서비스,【룩서비스】청소 및 스케줄 관리 직원 모집합니다#숙식제공,강남구 역삼동,19:00~05:00,"2,250,000",05/21,월급
유니크자동문,"자동문 설치, 현장보조 구합니다. (기술배우고싶으신분)",구로구 고척동,09:00~18:00,"2,000,000",05/21,월급
도미노피자 장지점,도미노피자 장지점 배달라이더 모집합니다.,송파구 문정동,11:00~22:00,"8,590",05/21,시급
한음운수,롯데하이마트 전자제품 배송 설치보조기사 구합니다(강서구),강서구 전체,07:30~17:00,"2,100,000",05/21,월급
더청춘,[강추]포차 남주방직원 오후4시30분~새벽3시 월220만원 성실,강남구 신사동,16:30~03:00,"2,200,000",05/21,월급
도미노피자 일원점,도미노피자 일원점 [풀타임 배달자] 모집합니다,강남구 일원2동,11:30~22:00,"550,000",05/21,주급
떠블유제이에어컨,서울 북부팀 LG 가정용 에어컨 설치 보조기사,서울 전체,09:00~18:00,"2,300,000",05/21,월급
도미노피자 홍제점,도미노 피자 홍제점에서 배달자를 모집합니다.,서대문구 홍은동,11:00~22:00,"9,500",05/21,시급
도미노피자 홍제점,도미노 피자 홍제점에서 배달자를 모집합니다.,서대문구 홍은동,11:00~22:00,"9,500",05/21,시급
라두나,라두나쇼핑몰  ( 물류  직원 및 아르바이트 구함),강남구 역삼동,09:30~18:30,"8,590",05/21,시급
한도상회,"+【급구】한도상회 속옷,스타킹 도소매 판매 남직원 채용합니",중구 신당동,07:00~17:00,"2,000,000",05/21,월급
장위동유성집 성동점,장위동유성집 성동점 숯불직원 모집(월-토 5:30~10:30/ 160만,성동구 성수2가,17:30~20:30,"1,600,000",05/21,월급
아리스타 커피 구로2호점,가족같은 분위기 아리스타 구로 2호점에서 함께 일하시분 모,구로구 구로3동,07:30~13:00,"10,308",05/21,시급
은아건설인력,[노가다마인드]+일당현장+목돈벌자+장기근무가능+동반가능+숙,광진구 구의동,07:00~17:30,"120,000",05/21,일급
(주)제이엠유통,[보너스지급/차량지원] 종합식재료 배송직원모집 [4시간/5시,금천구 독산동,05:00~11:00,"1,550,000",05/21,월급
제주세호해장국,주방보조 모집합니다,서대문구 홍은동,12:00~18:00,"9,000",05/21,시급
목우촌,[월350~700]정식/단순배송/쉬움/초보/회사차가능/27~59세,성동구 전체,08:00~17:00,"4,500,000",05/21,월급
오뚜기,오뚜기 각 센터별 납품기사님 모집(초보가능/단순납품/영업X,강서구 전체,08:00~18:00,"4,500,000",05/21,월급
스마트 에어컨,[월급 220만원 이상] 같이 일하실 에어컨 보조기사 모집합니,강서구 전체,09:00~18:00,"2,200,000",05/21,월급
(주)동양주류,[(주)동양주류 거래처배송직원 연봉3000만+@ 주5일 연차유]신,중랑구 신내동,시간협의,"30,000,000",05/21,연봉
바른로지스,GS후레쉬 배송기사 / 400이상~ / 주간배송 [지입],동작구 전체,12:00~22:00,"3,500,000",05/21,월급
(주)다명이엔지,남 현장보조 숙식가능 월급제(월270만)/일당제가능(일당12만,도봉구 전체,07:00~17:00,"2,700,000",05/21,월급
해나온식자재마트 신당점,[남배달직원 모집(오토바이)] 08:30분~오후8시 월5회휴무 월,중구 신당동,08:30~20:00,"3,200,000",05/21,월급
청암기업 / 탕정 삼성디스플레이,탕정 삼성 디스플레이 제어 초보 조공 숙식제공 건설 단기 알,강남구 삼성1동,07:00~17:00,"115,000",05/21,일급
반도통운,2.5톤11년2600만/생과일주스체인점/일일4시간근무/서울전지역,노원구 전체,시간협의,"4,600,000",05/21,월급
우리마트,우리마트 정육코너 여직원 구함,용산구 전체,09:00~22:00,"3,000,000",05/21,월급
행복한고기세상,노원구 월계동 정육점 경력자(1년~3년) 구합니다~,노원구 월계동,09:30~21:30,"2,500,000",05/20,월급
용범양대창 아차산점,용범양대창 아차산점에서 홀서빙(주말)모집합니다,광진구 전체,18:00~12:00,"8,600",05/20,시급
포앤반,베트남 쌀국수 포앤반에서 아르바이트생 모집합니다.,노원구 전체,17:00~22:00,"8,590",05/20,시급
칠프로칠백식당,칠프로칠백식당(한우전문점)직원 구합니다,서초구 서초동,15:30~22:30,"11,000",05/20,시급
조개창고영등포점,주중알바모집,영등포구 영등포,19:00~24:00,"9,000",05/20,시급
한양대 니뽕내뽕 파크에비뉴점,니뽕내뽕 한양대점 주방 실장 모집,성동구 행당동,10:00~21:30,"2,700,000",05/20,월급
루프탑 어반비치,루프탑 어반비치 연남점 에서  직원 모집합니다,마포구 서교동,16:00~01:00,"2,200,000",05/20,월급
kps,23일 화곡역으로오전7시40분까지 오실수 있는분,강서구 화곡동,08:10~17:00,"70,000",05/20,일급
(주)한알광학,"급여295만 일,공휴일휴무 안경렌즈오토바이납품배송",서초구 서초동,09:00~18:30,"2,950,000",05/20,월급
(주) 엠에스네츄럴,쇼핑몰 택배포장 및 배송업무,송파구 오금동,10:30~17:30,"10,310",05/20,시급
(주)지엠지산업,[차선도색] 업무보조 하실 분(일당10만원) 알바1/직원1,서울 전체,07:00~18:00,"100,000",05/20,일급
당구클럽 녹색당,[당구장 직원모집] 양재동/평일/마감/회원제당구클럽/녹색당,서초구 양재동,18:00~02:00,"1,800,000",05/20,월급
bbq길음센터피스,bbq주방 알바 구합니다,성북구 길음2동,14:00~24:00,"8,590",05/20,시급
(주)안심푸드,한우축산물 유통 및 영업,성동구 마장동,08:30~18:00,"2,200,000",05/20,월급
신성,직원구함-야채 청과 매장관리직,광진구 전체,09:00~21:00,"2,700,000",05/20,월급
바른로지스,대형병원 식기배송 기사 / 370이상~[지입],광진구 전체,10:00~19:30,"3,700,000",05/20,월급
지코바 양념치킨,봉천배달직원 / 식대포함 290 주1회휴무,관악구 봉천동,12:30~24:30,"2,900,000",05/20,월급
우마스시,답십리 우마스시 뒷주방직원 일배우실분~구인합니다.(경력자,동대문구 답십리,10:00~22:00,"2,500,000",05/20,월급
(주)브로젝스 청담점,(주5일) 음악이 있는 볼링펍 스매싱볼 청담점에서 직원 모집,강남구 청담동,22:30~08:00,"2,150,000",05/20,월급
KM취업포탈,실내현장/평택.안전감시(안전순찰).월급260만원이상+OT/숙소,동작구 전체,07:00~17:30,"2,600,000",05/20,월급
뻘하우스,뻘하우스에서 홀직원 구합니다,중구 흥인동,19:00~06:00,"2,400,000",05/20,월급
우이할인마트,마트)오토바이배달(경력자). 50세이하,강북구 수유동,08:30~21:00,"3,200,000",05/20,월급
"엉터리생고기 사당역 1,2호점",엉터리생고기 사당점 홀써빙(주3~4일),동작구 사당동,18:00~22:00,"10,500",05/20,시급
주식회사 구로현대상사,"현대자동차 부품대리점  (가산디지털,구로디지털,독산동,가산",서울 전체,08:30~18:30,"2,150,000",05/20,월급
셀파이엔씨(주),(상시)지질 및 지반조사 보조 인원 모집합니다.,송파구 석촌동,09:00~18:00,"90,000",05/20,일급
명진맨파워에이전시,[서울_수도권] 고소득 당일지급_전지역셔틀운행 식사제공_국,노원구 전체,19:30~05:30,"150,295",05/20,일급
GS수퍼마켓 길음뉴타운점,주말근무하실 아르바이트생 모집합니다.,성북구 길음동,16:00~23:00(로테이션),"8,590",05/20,시급
박가네  소금구이,화곡동 복개천 588종점 박가네소금구이 알바구합니다.,강서구 화곡1동,17:00~03:00,"9,000",05/20,시급
빙그레,빙그레납품 월320만 + 추가배송수당,성북구 전체,06:00~15:00,"3,200,000",05/20,월급
교촌치킨 중화,교촌치킨 중화점 금 토 일 배달하실분 구합니다,중랑구 중화동,18:00~23:00,"10,000",05/20,시급
매운국물떡볶이 밀방떡 은평점,매운국물떡볶이 밀방떡 은평점에서 함께할 가족을 모집합니다,은평구 구산동,11:00~18:00,"8,600",05/20,시급
오뚜기,오뚜기 각 센터별 납품기사님 모집(초보가능/단순납품/영업X,강서구 전체,08:00~18:00,"4,500,000",05/20,월급
(주)서원종합물류,"[SSG]이마트 주,야간 배송업무/기본급+@ 350~500만원/전액할",강북구 전체,시간협의,"5,000,000",05/20,월급
(주)서원종합물류,"[SSG]이마트 주,야간 배송업무/기본급+@ 350~500만원/전액할",강남구 전체,시간협의,"5,000,000",05/20,월급
하모니마트 가산점,"마트매장관리,진열(배송) 사원 구인 합니다",금천구 가산동,11:00~23:00,"2,700,000",05/20,월급
지입잡포커스,운전/1톤투잡600만원/5톤제주도왕복/1000만원순수입,영등포구 영등포,08:00~18:00,"5,000,000",05/20,월급
대길산업,평택삼성/화재.건설안전감시단/월300만원이상가/동반환영,서울 전체,07:00~18:00,"2,900,000",05/20,월급
(주)서현운수,강동구[이마트-마켓컬리-GS] 오후-새벽배송+HOT+ 코로나에도,동대문구 전체,16:00~23:30,"6,300,000",05/20,월급
금성닭오리,닭 오리 배달할분 월330만 식사제공 4대보험 퇴직금,양천구 목동,05:30~17:30,"3,300,000",05/20,월급
K시스템,"시스템봉바리,시스템비계,해체,정리(일당13만~18만,주급월급",중랑구 전체,07:00~16:00,"130,000",05/20,일급
걸작떡볶이치킨 중화동점,걸작떡볶이치킨 중화동점 직원구합니다.(반드시 문자지원 먼,중랑구 중화2동,12:00~24:00,"2,500,000",05/19,월급
네네치킨 암사2점,네네치킨 암사2점에서 금토일 조리 파트타이머 구합니다.,강동구 전체,18:00~22:00,"9,000",05/19,시급
안전지대 휘트니스,헬스장 마감 꿀알바,서초구 방배동,23:00~24:00,"10,000",05/19,시급
바른로지스,"농심대리점배송 / 월600이상~ / 부부,친구동반 / 단순배송 [",구로구 전체,08:00~17:00,"5,000,000",05/19,월급
공항익스프레스,. 이사짐 이사 익스프레스 남자인부 경력자구함,강서구 방화동,07:00~17:00,"150,000",05/19,일급
상기공조,【상기공조】에어컨 설치보조 알바 모집합니다 / 꿀알바 / 우,강동구 상일동,09:00~18:00,"2,300,000",05/19,월급
에이제이,청담동 발렛주차 하실분 모십니다.(경력자우대),강남구 청담동,18:00~22:00,"10,000",05/19,시급
주식회사 인케어시스템,인케어시스템 에어컨유지관리 신입기사모집,서대문구 전체,09:00~18:00,"2,500,000",05/19,월급
호식이두마리치킨,호식이두마리 오류1호점에서 배달알바 구합니다,구로구 전체,18:00~24:00,"11,000",05/19,시급
옐로우캐피탈(주),[주5일/상암/내근위주근무] 프로이데아그룹 신용관리부/채권,마포구 상암동,09:00~18:30,"2,100,000",05/19,월급
(주)그린퓨어텍,[주5일근무] 의료장비 소모품(필터) 교체기사 구인합니다.,노원구 하계동,08:30~18:30,"2,000,000",05/19,월급
홍콩반점,(남 주방직원) 경력자 230만 휴식4시간 주1회휴무 4대보험,구로구 전체,10:00~22:00,"2,300,000",05/19,월급
KUSHI152,KUSHI152 에서 주방 직원을 모집합니다.,강남구 삼성동,13:00~01:00,"3,000,000",05/19,월급
(주)대가그린푸드,[초봉270만원부터/시급1만원이상]식자재관리배송 정직원 및,구로구 전체,22:00~09:00,"2,700,000",05/19,월급
온통족발,온통족발 경력직 직원구함 10시간 250 4대보험필수퇴직금 주,강서구 화곡동,14:00~24:00,"2,500,000",05/19,월급
천일가공축산,초봉250 주5일 마장동 직원구합니다.,성동구 전체,08:00~06:00,"2,500,000",05/19,월급
바른로지스,의약품 배송기사 / 450이상 주간배송 [완제],관악구 전체,06:00~16:00,"4,000,000",05/19,월급
참숯주먹고기,"주5일근무/고기집 알바 구합니다.(숯,서빙)",금천구 가산동,18:30~21:30,"9,000",05/19,시급
다올테크,이마트 구로점 선풍기 판매진열및 고객응대,구로구 구로동,13:00~21:00,"72,000",05/19,일급
더청춘,[강추]포차 남주방직원 오후4시30분~새벽3시 월220만원/,강남구 신사동,16:30~03:00,"2,200,000",05/19,월급
홈플러스 잠실점,[홈플러스 잠실점]마트배송/온라인몰배송/월400만이상/고수익,강동구 명일동,10:00~18:00,"4,000,000",05/19,월급
스쿨스토어 뉴왕십리점,스쿨스토아 뉴왕십리점 주방 직원 모집,성동구 하왕십리,21:00~09:00(로테이션),"2,300,000",05/19,월급
백상기업(주),월235만/ 상암디지털큐브/ 빌딩보안(청년층),마포구 합정동,08:00~18:00(로테이션),"2,350,000",05/19,월급
이차돌군자역점,이차돌 군자역점 주방 홀서빙직원모집,광진구 능동,09:00~21:00,"8,590",05/19,시급
(주)프로에이콤,호텔 현장소장구함 (룸메이드관리),강남구 삼성동,08:00~18:00,"2,500,000",05/19,월급
데코뷰,데코뷰 상수 매장 판매직원 모집,마포구 상수동,13:00~20:00,"8,800",05/19,시급
야긴상사,함께 근무할 사원 모집합니다.,동대문구 답십리,06:00~18:00,"27,000,000",05/19,연봉
청파(주),(월230만원) 젊고 패기있는 차량운전 직원 구합니다,송파구 전체,09:00~18:00,"2,300,000",05/19,월급
네네치킨,네네치킨(장위점)에서 배달 라이더 모집합니다.,동대문구 회기동,17:00~05:00,"2,900,000",05/19,월급
네네치킨,네네치킨(장위점)에서 배달 라이더 모집합니다.,성북구 장위동,17:00~05:00,"2,900,000",05/19,월급
은아건설인력,[노가다마인드]+일당현장+목돈벌자+장기근무가능+동반가능+숙,강동구 고덕동,07:00~17:30,"120,000",05/19,일급
명진맨파워에이전시,[서울_수도권] 고소득 당일지급_전지역셔틀운행 식사제공_국,중랑구 전체,19:30~05:30,"150,295",05/19,일급
명진맨파워에이전시,[서울_수도권] 고소득 당일지급_전지역셔틀운행 식사제공_국,광진구 전체,19:30~05:30,"150,295",05/19,일급
LG싸이언스파크,보안요원6명증원 LG연구소 경력자선발-마곡역 LG싸이언스파크,서울 전체,08:00~19:00(로테이션),"2,700,000",05/19,월급
후레쉬정육점,후레쉬정육점에서 함께 할 직원을 모집합니다,강동구 암사동,09:30~21:30,"3,500,000",05/19,월급
(주)서현운수,관악구[GS프레쉬-이마트-마켓컬리] 오후-새벽배송+HOT+ 초보,금천구 전체,16:00~23:30,"6,300,000",05/19,월급
진영,(경력자만구함) 건설건축석재(대리석) 조공일당15만~ 기공일,서울 전체,시간협의,"150,000",05/19,일급
정우유통,[정우유통] +급구+ 농산물 판매 사원 모집 4명 책임감과 성실,동대문구 제기동,19:00~02:00(로테이션),"10,000",05/19,시급
다함 시스템,【 다함시스템 】경호원 채용공고,서울 전체,09:00~18:00(로테이션),"2,000,000",05/19,월급
자오금속,"건설현장 금속인테리어,잡철[준기공] 모집/일당11만원~경력자",광진구 전체,08:00~17:00,"130,000",05/19,일급
홈플러스 월곡점,홈플러스/마트배송/온라인몰/월400만이상/단순배송/초보가능,중랑구 상봉동,10:00~19:00,"4,000,000",05/19,월급
경희물류,"2.5톤탑500만원]방송국,소품,방송국~촬영지,60세이상분가능,",노원구 전체,08:00~17:00,"4,500,000",05/19,월급
한강취업정보,전공/전기/칸막이/닥트/동바리/전국대기업실내현장/초보가능,서울 전체,07:00~18:00,"3,000,000",05/19,월급
면목마트,청과 야채 남직원 구함/마트에서 일할 남직원 구함,중랑구 면목동,시간협의,"8,590",05/19,시급
인천WIN시스템,[일12~20만]시스템동바리 비계 설치 해체 가불가능 건설현장,강동구 전체,07:00~17:30,"200,000",05/19,일급
이오취업정보,(일급18만)용접 돈좀 벌어 봅시다 용접전문 숙식가능 일당/주,영등포구 대림동,시간협의,"180,000",05/19,일급
코리아에어컨,에어컨설치 보조기사(월200~240만~/일급가능),동작구 전체,08:30~18:00,"2,400,000",05/19,월급
미래 선원부서,선원모집.김양식.김공장.가두리.담배.작업복.선원모집.선원.,영등포구 전체,08:00~17:00,"3,000,000",05/18,월급
중화농산물직판장,야채과일 판매관리,중랑구 중화동,08:00~21:00,"3,500,000",05/18,월급
이제이유통(미아마트),[월급300만] 미아마트 함께 근무하실 경력있는 남직원 모집합,강북구 미아동,09:00~21:00,"3,000,000",05/18,월급
일광상회,판매직원구합니다,강서구 외발산동,23:00~10:00,"3,000,000",05/18,월급
대농마트,신림동)농산/공산 과장및 담당,관악구 신림동,09:00~22:00,"3,000,000",05/18,월급
롯데리아 녹번점,남자 부점장님 모집합니다.,은평구 응암동,09:00~23:00(로테이션),"1,900,000",05/18,월급
농민식품 서울총판,[월320만원][1톤탑차 배송지입 기사님 모집합니다],서울 전체,08:00~18:00,"3,200,000",05/18,월급
성주실업,남 주류판매사원00명 구함(구로동) 성주실업,서울 전체,09:00~18:00,"3,000,000",05/18,월급
야긴상사,함께 근무할 사원 모집합니다.,동대문구 답십리,06:00~18:00,"27,000,000",05/18,연봉
바른치킨,[여의도 바른치킨] 주방 관리자 및 마감직원 구인 월 300만,영등포구 여의도,11:30~00:30,"3,000,000",05/18,월급
아리스타 커피 구로2호점,가족같은 분위기 아리스타 구로 2호점에서 함께 일하시분 모,구로구 구로3동,07:30~13:00,"10,308",05/18,시급
지코바 양념치킨,봉천배달직원 / 식대포함 200 주1회휴무,관악구 봉천동,17:30~24:30,"2,000,000",05/18,월급
물살수,물차 운전기사 구함,중랑구 면목동,10:00~18:00,"8,590",05/18,시급
영동회관,(월~토 / 14~23시 / 255만원) 같이 일하실 정직원 모십니다.,서초구 양재동,14:00~23:00,"2,550,000",05/18,월급
슈펜 가로수길점,[슈펜 가로수길점] 직원 채용,서울 전체,13:00~22:00(로테이션),"1,700,000",05/18,월급
(주)파워미래홈마트,"마트배달직원구함(시간,급여협의)",영등포구 양평동,09:00~00:00,"9,000",05/18,시급
세븐일레븐 풍납참좋은점,[핵폭탄급구]세븐일레븐 풍납참좋점 주말,송파구 풍납동,12:00~18:00,"8,590",05/18,시급
호호미역,주6일(토요일반나절)/시급10500부터/0830시-1730시/주방직원,중구 회현동2가,08:30~17:30,"10,500",05/18,시급
KM취업포탈,건설현장/이천.칸막이.외장판넬/일당11만~11만5천원이상/숙식,강서구 방화동,07:00~17:00,"3,300,000",05/18,월급
타이어뱅크,타이어뱅크 에서 함께 일할 직원을 모집합니다,성북구 종암동,09:00~19:00,"2,150,000",05/18,월급
나우패킹,의류 쇼핑몰 물류회사 입출고팀(경력) 구합니다. 내용 꼭 확,서울 전체,09:00~18:00,"8,600",05/18,시급
신대명,"실내금속인테리어/왕초보/ 서초동 남대문,미래직업.지방가능",용산구 전체,08:00~17:00,"3,300,000",05/18,월급
GS25,GS25대방업타운점 주말야간 구인합니다,동작구 대방동,23:00~09:00,"8,590",05/18,시급
야신,선릉역 역삼역근처 일식 주방직원모집,강남구 역삼동,17:00~04:00(로테이션),"2,300,000",05/18,월급
하남돼지집,하남돼지집 미아뉴타운점  주방메인  주말 서빙모집,강북구 미아동,15:00~23:00,"2,300,000",05/18,월급
주식회사 판도라개발,"(일당/현금/당일/지급) 초보자 가능 야간택배 분류,상하차",노원구 전체,20:30~06:30,"150,000",05/18,일급
기아운수,"11톤 기사 모집(서울-대전권 종합물류,월330~)",동대문구 전체,시간협의,"3,300,000",05/18,월급
(주)대성로지스,"[긴급채용] 기사 구함 (서울,경기권)  -근무시간협의-",성북구 전체,시간협의,"8,590",05/18,시급
미드림,현장 아르바이트 9-20시(시간선택가능)현장당2만-5만,강서구 내발산동,09:00~20:00,"20,000",05/18,시급
보은파출/가사도우미전문,"식당파출일당/[남자] 숫불장치,숫불장치,숫불장치 (주방설거",금천구 전체,시간협의,"2,500,000",05/18,월급
운수법인 ㈜서강화물,초기비용X 할부입사/ 대기업 ㈜LG 공산품 5톤윙바디 (군포~구,구로구 전체,시간협의,"72,000,000",05/18,연봉
한일LED조명,"남판매직원 및 재고관리(전기,자재판매상) 주5일근무",동대문구 답십리,06:30~18:00,"2,300,000",05/18,월급
함흥본가면옥 건대점,주방보조 월260~290만(경력에따라) 화양동 냉면/갈비탕 전문,광진구 화양동,09:30~20:30,"2,600,000",05/18,월급
아씨방,배송기사구함(가구점),강북구 수유동,시간협의,"8,590",05/18,시급
식신,식신 매운양푼갈비찜  홀서빙 알바 구함,강서구 화곡1동,18:00~23:00,"9,000",05/17,시급
강강술래 당산점,강강술래 당산점에서 근무할 남직원 모집합니다,서울 전체,10:30~22:00,"2,507,100",05/17,월급
(주)위대한상사,나누다키친 한식뷔페 담다 선릉제일양점/남영점에서 주방실장,강남구 역삼동,09:00~15:00,"1,400,000",05/17,월급
고기장인,주3~4일 6시간근무 고기장인 시간협의가능,영등포구 당산동,15:00~21:00,"8,590",05/17,시급
(JW)기획,단시간 행사 포스터 배포 및 부착하실 아르바이트생 모집합니,강서구 가양동,13:00~17:00,"45,000",05/17,일급
스시류,강남 일원동 주5일 주방보조 구합니다,강남구 일원동,10:00~10:00,"2,000,000",05/17,월급
(주)월드스포츠가인볼링센터,볼링장.락볼링장 아르바이트 모집,서울 전체,18:00~24:00,"8,590",05/17,시급
아이옷다발,보조 해주실분 구합니다.,송파구 전체,08:00~18:00,"2,300,000",05/17,월급
LG 에어컨,"[서울전체, 운전필수] 에어컨수리A/S기사 오토바이운전가능",은평구 전체,09:00~19:00,"100,000",05/17,일급
캐롬빌리지(CV) 당구클럽,[월급 200만원] CV당구클럽에서 주간 직원 모집합니다.,영등포구 여의도,10:00~20:00,"2,000,000",05/17,월급
바른로지스,GS후레쉬 배송기사 / 400이상~ / 주간배송 [지입],용산구 전체,12:00~22:00,"3,500,000",05/17,월급
빙그레,빙그레납품 월320만 + 추가배송수당,은평구 전체,06:00~15:00,"3,200,000",05/17,월급
주식회사에스앤피로지스,배송기사 월 500이상 드립니다.,강동구 전체,07:00~18:00,"4,500,000",05/17,월급
피씨베네 일원점,주말(금밤토밤근무) 야간(23시~08시)알바 구합니다.(시급880,강남구 일원동,23:00~08:00,"8,800",05/17,시급
서원종합물류,이마트/마켓컬리/CJ대한등 물류전문기업/월400~600/주간야간,관악구 봉천동,시간협의,"5,000,000",05/17,월급
청광로지스,1톤 대기업 브렌드 커피[500만원완제급 일수월]부자재 배송,송파구 전체,시간협의,"5,000,000",05/17,월급
주식회사 이편한운수,(송파/강남)2.5톤 롯데택배 백화점납품기사 모집,강남구 전체,08:00~18:00,"3,000,000",05/17,월급
홈플러스 Home plus+,[홈플러스]기본급323만_정년없음_처음하는분도쉽게_업무지원,양천구 전체,10:00~19:00,"4,500,000",05/17,월급
영통축산,"[정육 직원] 초급,중급,경력직원을 모집합니다",구로구 개봉동,08:00~20:00,"2,362,850",05/17,월급
송파셔터,"[일당13만~]건설현장에서 일하실분 방화,셔터설치",송파구 송파동,시간협의,"130,000",05/17,일급
강남명품주유소,"강남명품주유소/세차직원 모집/250만/퇴직금,연차지급",강남구 역삼동,08:30~18:00,"2,500,000",05/17,월급
주식회사 이룸,대기업배송/실수령/월400만/초보가능/동반가능/(주간/야간/채,강동구 둔촌동,시간협의,"4,000,000",05/17,월급
대명인력(허2),일당12만원 당일지급 교포사절 꼭~성실히일할분만 연락주세요,서대문구 북아현,시간협의,"120,000",05/17,일급
바디프렌드,[바디프렌드 안마의자]인천경기/시흥안산/부천광명/파주고양,서초구 전체,07:00~17:00,"6,500,000",05/17,월급
주식회사 이룸,대기업배송/실수령/월400만/초보가능/동반가능/(주간/야간/채,금천구 독산동,시간협의,"4,000,000",05/17,월급
메가로지스,"[주5일근무,공휴일휴무/500만완제급]질렛트면도기&페브리즈",강서구 전체,시간협의,"5,000,000",05/17,월급
GS25/CU/7eleven/E마트,월450만원이상[편의점납품/배송]일머리단순/초보자지원가능/,강동구 전체,05:00~11:00,"5,000,000",05/16,월급
GS25/CU/7eleven/E마트,월450만원이상[편의점납품/배송]일머리단순/초보자지원가능/,광진구 전체,05:00~11:00,"5,000,000",05/16,월급
GS25/CU/7eleven/E마트,월450만원이상[편의점납품/배송]일머리단순/초보자지원가능/,노원구 전체,05:00~11:00,"5,000,000",05/16,월급
하이비지니스로지스틱스,【LG전자】가전설치 부기사 모집 / 월 250만원이상 (초보가능,송파구 잠실동,08:00~18:00,"2,500,000",05/16,월급
훌랄라(역삼점),홀써빙 알바구합니다,강남구 역삼동,18:30~23:30,"10,000",05/16,시급
팔레스 주유소(현대오일뱅크 직영),팔레스 주유소 직원 모집(세차기 없음),서울 전체,05:30~00:30(로테이션),"8,590",05/16,시급
ISLAND 8,ISLAND그룹 다이닝 펍 쉐프님을  모십니다,영등포구 문래동,14:00~24:00,"2,400,000",05/16,월급
GS25지에스타워점,지에스타워점 / 주말 야간 근무자 모집합니다.,강남구 역삼동,23:00~09:00(로테이션),"9,000",05/16,시급
야마토카츠,안암.주방보조,성북구 안암동5,10:00~21:00,"2,500,000",05/16,월급
교촌치킨 중화,교촌치킨 중화점 금 토 일 배달하실분 구합니다,중랑구 중화동,18:00~24:00,"10,000",05/16,시급
풀무원녹즙 반포홈,[일2시간/월50만] 풀무원녹즙 새벽배달원 구인 투잡가능,동작구 전체,00:00~02:00,"500,000",05/16,월급
주식화사 자연제주,흑돈가 삼성직영점 숯장치직원 구합니다.,서울 전체,11:00~23:00,"2,200,000",05/16,월급
오사카,행사장에서  근무할 직원모집,서대문구 연희동,08:00~18:00,"2,000,000",05/16,월급
시루,"중계 은행사거리 시루떡집에서 월화수,목금토일 남자 주방알",노원구 중계동,07:00~11:30,"10,000",05/16,시급
1943 성신여대점,1943 성신여대점  알바 급구합니다,성북구 동선동1,23:00~05:00,"9,000",05/16,시급
하정식당,이자카야 하정식당 주방직원 구인합니다.,관악구 봉천동,15:00~02:00,"2,500,000",05/16,월급
(주)아크로리마트,청과야채팀장/과장/청과야채여직원공산과장(남)/오전계산원,영등포구 당산동,시간협의,"8,590",05/16,시급
로젠택배 동강남점(주),택배 로젠택배 동강남점 에서 집하 및 배송직 모집,강남구 역삼동,08:00~18:00,"4,000,000",05/16,월급
(JT)정통물류,"[주5일,공휴일휴무][유명 페브리즈.질렛트면도기&소모품 납품",마포구 전체,시간협의,"5,000,000",05/16,월급
축산명가,"[정육매장]정육직원 초급,중급 09시~22시 월270-330만",동작구 전체,09:00~22:00,"2,700,000",05/16,월급
에스제이금속,"기공,준기공~금속인테리어 팀으로 함께 일하실분 구합니다",영등포구 전체,시간협의,"3,000,000",05/16,월급
경희물류,"대기업 의약품 배송1톤[주5일근무,공휴일도휴무,450만원완제",노원구 전체,08:30~16:00,"4,500,000",05/16,월급
에이치피엘주식회사,"(월100만원)투잡저녁7시이후한약배송알바(건당1,900원)경차,",동대문구 장안동,시간협의,"8,590",05/16,시급
소망 취업정보,도로공사 잡부 초보14 -15만원 전지역 2명숙식 경북의성,강서구 전체,07:00~16:00,"1,800,000",05/16,월급
홈플러스 영등포점,홈플러스/마트배송/온라인몰/월400만이상/단순배송/초보가능,영등포구 여의도,10:00~19:00,"4,000,000",05/16,월급
경성ENG / 평택고덕 삼성반도체,평택 고덕 삼성 반도체 칸막이 수장 단기 알바 숙식 제공 건,강남구 삼성1동,08:00~17:40,"160,000",05/16,일급
운수법인 ㈜서강화물,"서강화물 대기업 LG, 5톤윙바디, 고정물량운송 (구미-군포)왕",양천구 전체,시간협의,"72,000,000",05/16,연봉
이마트,[고정급여 430만원/새벽조/주간조]이마트 배송기사모집/투잡,양천구 목동,시간협의,"5,550,000",05/16,월급
푸른창호,월급220 / 창호시공 전문업체 신입사원 모집,도봉구 방학동,08:00~18:00,"2,200,000",05/15,월급
(주)지엠지산업,[차선도색] 업무보조 하실 분 (일당10만원) 알바1/직원1,서울 전체,07:00~18:00,"100,000",05/15,일급
헤링턴타워/자비스inc,보안요원. 신임경비교육이수자. 초보가능-당산역 헤링턴타워,영등포구 당산동,09:00~09:00,"2,613,000",05/15,월급
하남F&B 건대1호점,하남돼지집 건대 1호점 주중 주휴수당,광진구 화양동,19:00~24:00,"8,590",05/15,시급
호호미역,주6일(토요일반나절)/시급10500부터/0830시-1730시/주방직원,중구 회현동2가,08:30~17:30,"10,500",05/15,시급
맛찬들왕소금구이,[맛찬들왕소금구이]육부장 주방 홀서빙구함,강서구 마곡동,11:30~23:30,"3,300,000",05/15,월급
바로고 배달대행 마포M4허브(B286,[배달대행]바로고 마포M4허브 라이더 모집,용산구 한강로1,11:00~02:00,"4,000,000",05/15,월급
반올림피자샵 서울 중구 다산점,신당 반올림피자샵에서 배달직원 모집합니다,중구 전체,15:00~03:00,"3,300,000",05/15,월급
홍제양꼬치,일10시간근무/주1일휴무/홀써빙/홍제동,서대문구 홍제동,15:00~01:00,"2,300,000",05/15,월급
로건,발렛주차구함금~일요일,강남구 전체,10:00~20:00,"10,000",05/15,시급
GS25지에스타워점,지에스타워점 / 주말 야간 근무자 모집합니다.,강남구 역삼동,23:00~09:00(로테이션),"9,000",05/15,시급
스카이휘트니스클럽,남영역/숙대입구역 스카이 휘트니스 야간 알바 모집합니다.,용산구 남영동,23:30~06:30,"8,590",05/15,시급
팔백집,채인점 주방일 하실분 남직원 모집합니다.,성북구 안암동5,10:00~22:00,"2,500,000",05/15,월급
(주)경일코퍼레이션,"경일코퍼레이션 / 생산실 아르바이트 사원 모집/전기부품,검",구로구 구로3동,08:30~17:30,"8,590",05/15,시급
호식이두마리치킨 북가좌1호점,호식이두마리치킨 북가좌점 -정직원 모집-,은평구 전체,12:00~24:00,"2,600,000",05/15,월급
오투,동대문구 에어컨 설치 보조기사모집,성북구 석관동,09:00~18:00(로테이션),"2,400,000",05/15,월급
(주)다원물류,안정된 대기업주간배송직/ 운전직급여550만/기본급351만/ 경,서초구 전체,07:00~18:00,"4,900,000",05/15,월급
직화한상 서소문점,[직화한상 서소문점] 주방오전파트타임 구합니다.,중구 전체,10:00~15:00,"8,590",05/15,시급
명진맨파워에이전시,[서울_수도권] 월요근무_당일지급_친구와함께고소득알바_국내,동작구 전체,18:30~04:30,"150,295",05/15,일급
구구취업컨설팅,아파트외곽청소1117500원9시-4시주5일복자카드우대남자 신정,강서구 전체,시간협의,"2,500,000",05/15,월급
로젠택배 동강남점(주),택배 로젠택배 동강남점 에서 집하 및 배송직 모집,강남구 역삼동,08:00~18:00,"4,000,000",05/15,월급
전통한우푸줏간,"[전통한우푸줏간]중급 (300 협의가,경력자만 지원 가능) 모집",동대문구 장안동,09:00~22:00,"3,000,000",05/15,월급
다함 시스템,【 다함시스템 】경호원 채용공고,서울 전체,09:00~18:00(로테이션),"2,000,000",05/15,월급
우리마트,우리마트 정육코너 여직원 구함,용산구 전체,09:00~22:00,"3,000,000",05/15,월급
종합전자,성동구 에어컨 설치 보조 구합니다/일급 8만원 점심제공 협의,동대문구 전농동,10:00~18:00,"80,000",05/14,일급
은아건설인력,[노가다마인드]+일당현장+목돈벌자+장기근무가능+동반가능+숙,성북구 장위동,07:00~17:30,"120,000",05/14,일급
GS25시 논현초교점,#편의점 야간 알바 #40세 ~ 50대 지원 가능,강남구 논현동,24:00~08:00,"8,590",05/14,시급
바른로지스,GS후레쉬 배송기사 / 400이상~ / 주간배송 [지입],양천구 전체,12:00~22:00,"3,500,000",05/14,월급
명진맨파워에이전시,[사당역] 당일지급_하루근무가능_친구와함께고소득알바_식사,동작구 전체,19:30~05:30,"150,295",05/14,일급
대명축산식품,[정규직] 축산가공품 납품/배송 담당모집,영등포구 양평동,09:00~18:30,"2,200,000",05/14,월급
ABC필라테스 종암점,"전단지 배포 & 족자 알바 구합니다. (일 2시간 반, 3만원)",성북구 종암동,17:00~19:30,"12,000",05/14,시급
굽네치킨 수색증산점,굽네치킨 수색증산점에서 배달하실분 모셔요.(월~금),은평구 증산동,17:00~24:00,"9,000",05/14,시급
양평해장국,남자 홀써빙  경험자 배달 알바 4시간구함.,관악구 신림동,22:00~10:00,"12,000",05/14,시급
도리연닭도리탕,주방직원15ㅡ24 구합니다 주5일제,성북구 동선동1,15:00~24:00,"2,100,000",05/14,월급
하나은행/자비스inc,주말엔 쉬자-주5일 은행안내직 신임교육이수자선발-하나은행,동작구 신대방동,08:30~17:30,"2,026,000",05/14,월급
삼성종합건재상사,미아 삼성종합건축자재 배송 및 매장관리 직원 모집,강북구 미아동,07:00~18:30,"2,100,000",05/14,월급
(주)트랜스코스모스코리아,[삼성/단순사무/2개월알바]SBI저축은행 아르바이트 모집(오후,서울 전체,13:00~16:00,"10,000",05/14,시급
맛있는 친구들,"알바(시급10,000원)-주급",은평구 대조동,18:00~24:00,"10,000",05/14,시급
이도이엔씨,[이중바닥 악세스플로어] 직원 및 아르바이트 구합니다.,영등포구 여의도,07:00~05:00,"120,000",05/14,일급
에스코트 지성,길동현장 닥트작업보조 12만-초보환영 길동거주자 30-45세,강동구 길동,07:00~17:00,"3,000,000",05/14,월급
GS25지에스타워점,지에스타워점 / 주말 야간 근무자 모집합니다.,강남구 역삼동,23:00~09:00(로테이션),"9,000",05/14,시급
GS25 상봉써너스점,토요일심야(23:00~9:00)구합니다,중랑구 망우본동,23:00~09:00,"8,590",05/14,시급
백세청춘,잠실 백세청춘 휘트니스 FC (회원권 상담) 직원 모집,송파구 잠실6동,13:00~22:00,"2,000,000",05/14,월급
푸른창호,월급220 / 창호시공 전문업체 신입사원 모집,노원구 중계동,08:00~18:00,"2,200,000",05/14,월급
홈플러스 잠실점,[홈플러스 잠실점]마트배송/온라인몰배송/월400만이상/고수익,강남구 논현동,10:00~18:00,"4,000,000",05/14,월급
양평해장국,남자 홀써빙  경험자 구함.,관악구 신림동,22:00~10:00,"2,600,000",05/14,월급
지금 보고싶다(종로관철점),【지금보고싶다】에서 주방보조 구합니다. (유경험자) 외국인,종로구 관철동,15:00~01:00,"8,590",05/14,시급
은아건설인력,[노가다마인드]+일당현장+목돈벌자+장기근무가능+동반가능+숙,동대문구 이문동,07:00~17:30,"120,000",05/14,일급
신지유통,이마트 에브리데이 회코너 직원 구합니다  초보가능,동작구 흑석동,08:00~20:00,"2,500,000",05/14,월급
자비스INC,종각역-보안요원.주말휴무지원.초보가능-신한은행 광교별관,중구 삼각동,08:30~18:00,"2,450,000",05/14,월급
마켓유(구의점),야간카운터(토요일하루) 및 공산품 진열 배달 직원 모집,광진구 구의동,09:00~21:00,"2,900,000",05/14,월급
로젠택배 동강남점(주),택배 로젠택배 동강남점 에서 집하 및 배송직 모집,강남구 역삼동,08:00~18:00,"4,000,000",05/14,월급
용산파크타워/자비스inc,야간격일-보안요원. 이촌역 주상복합. 월220만원 -용산파크타,용산구 용산동5,18:00~09:00(로테이션),"2,300,000",05/14,월급
용진의류,"의류배달 기사 모집합니다/월-토, 급여/시간협의",강북구 미아동,09:00~18:00,"30,000,000",05/14,연봉
로젠택배 동강남점(주),택배 로젠택배 동강남점 에서 집하 및 배송직 모집,강남구 역삼동,08:00~18:00,"4,000,000",05/13,월급
The다빈컴퍼니,모델하우스 운전 아르바이트,서초구 양재동,09:00~18:00,"84,000",05/13,일급
센트리얼 필라테스,"시급 9,000원 전단지 족자 부착 아르바이트-이수역",서울 전체,15:00~18:00,"9,000",05/13,시급
온통족발생각&별쭈부전,별쭈부전 직원구함 4시간 100만원 매주수요일휴무 퇴직금 4대,강서구 화곡동,17:30~21:30,"1,000,000",05/13,월급
GS25 충정로사랑점,GS25충정로사랑점 평일야간 2틀 구합니다,중구 중림동,20:30~08:30,"8,800",05/13,시급
복고포차달동네,홀서빙.,강서구 화곡동,22:00~04:00,"9,000",05/13,시급
주식회사 지명인력개발,"+ 당일현금 지급/고소득(일용직),건설현장보조",관악구 봉천동,07:00~17:00,"130,000",05/13,일급
알촌 공릉점,알촌 공릉점에서 함께 일 할 직원을 찾습니다,노원구 공릉동,10:00~21:00,"2,100,000",05/13,월급
원조이모포장마차,홀서빙(남)주말(금/토)알바 오후7시-새벽01시 시급10000원 2,강서구 방화동,19:00~01:00,"10,000",05/13,시급
해몽,같이 일할 직원구함,강남구 논현동,15:00~23:00,"2,145,000",05/13,월급
리치다이아몬드호텔,[급구] 호텔 객실관리 주임 모집합니다.(연3200만원/격일근무,강북구 수유동,10:00~10:00(로테이션),"32,000,000",05/13,연봉
스카이라인로지스틱스(주),동대문 의류도매시장 새벽 상하차 업무,중구 신당동,02:00~10:00,"2,300,000",05/13,월급
장위동유성집 성동점,장위동유성집 성동점 숯불직원 모집(월-금 5:30~10:30/ 140만,성동구 성수2가,17:30~20:30,"1,400,000",05/13,월급
에이스취업정보,이천하이닉스 닥트초보11만5천원/경력13만원/4명주2회잔업4대,서울 전체,07:00~17:30,"3,500,000",05/13,월급
피워인력,서울건설현장/경기도건설현장/칸막이/닥트/전기/금속/동바리,강남구 역삼동,07:00~17:00,"3,500,000",05/13,월급
농민식품 서울총판,[월240만원] 배송기사님 구합니다/회사차량/1톤탑차,서울 전체,08:00~18:00,"2,400,000",05/13,월급
명진환경개발공사,물탱크청소및 방역하실분 구합니다.,동대문구 장안동,08:00~17:00,"85,000",05/13,일급
명진맨파워에이전시,[천호역_사가정역] 당일지급_하루근무가능_친구와함께고소득,중랑구 전체,19:30~05:30,"150,295",05/13,일급
KM취업포탈,건설현장/이천.화성.칸막이.외장판넬/일당11만~11만5천원이상,관악구 전체,07:00~17:00,"3,300,000",05/13,월급
명진맨파워에이전시,[석계_사가정역] 당일지급_하루근무가능_친구와함께고소득알,중랑구 전체,19:30~05:30,"150,295",05/13,일급
홈플러스,[홈플러스] 배송기사 모집/마트배송/기본급323만+인센티브/초,영등포구 당산동,10:00~19:00,"3,800,000",05/13,월급
홈플러스 상암월드컵점,[홈플러스] 배송기사 모집/마트배송/기본급323만+인센티브/초,마포구 서교동,10:00~19:00,"3,800,000",05/13,월급
(JT)정통물류,[토(오전근무)][브랜드 투존 치킨 정식차량.450만원 완제급],중랑구 전체,시간협의,"4,500,000",05/13,월급
운수법인 ㈜서강화물,"서강화물 직영배차 /LG판토스, 대기업공장 ㈜LG,㈜LS 5톤윙바",송파구 전체,시간협의,"72,000,000",05/13,연봉
구수옥 설렁탕,주방 경력직 직원구함 9시~21시 월270만이상,관악구 청룡동,시간협의,"2,700,000",05/13,월급
다함 시스템,【 다함시스템 】경호원 채용공고,서울 전체,09:00~18:00(로테이션),"2,000,000",05/13,월급
대우전자(쿠팡물류센터),(알바 5시간/1만원) (직원 8시간/250만) 제품 입출고 및 관리,구로구 전체,07:00~16:00,"2,500,000",05/13,월급
지입잡포커스,운전/1톤투잡600만원/5톤제주도왕복/1000만원순수입,영등포구 영등포,08:00~18:00,"5,000,000",05/13,월급
농협/자비스inc,주말엔쉬자-주5일.은행 안내직.초보자가능(청원경찰)-농협 역,강남구 역삼동,08:30~17:30,"1,890,000",05/13,월급
명진맨파워에이전시,[석계역] 주간근무 선착순 시급만원이상 야간잔류처리 왕복셔,노원구 전체,09:00~18:00,"95,000",05/13,일급
짚신매운갈비찜 미아점,"짚신매운갈비찜 본점에서 주방 정직원 , 홀 아르바이트 채용",강북구 미아동,16:00~03:00,"2,400,000",05/12,월급
월계이마트 홍수계찜닭,월계이마트 홍수계찜닭/주방/월6회휴무/9시간근무,노원구 월계동,10:00~20:00,"2,350,000",05/12,월급
명진맨파워에이전시,[석계역] 주간근무 선착순 시급만원이상 야간잔류처리 왕복셔,성북구 전체,09:00~18:00,"95,000",05/12,일급
후레쉬정육점,정육 축산 정직원 모집합니다,강동구 암사동,09:30~21:30,"3,500,000",05/12,월급
(주)제이에프,【일14만/당일현금지급/단기알바】 야간택배/초보/상하차분류,노원구 전체,20:30~06:00,"140,000",05/12,일급
전통한우푸줏간,"[전통한우푸줏간]중급 (300 협의가,경력자만 지원 가능) 모집",동대문구 장안동,09:00~22:00,"3,000,000",05/12,월급
이마트,[새벽배송의 모든것] 고민마세요 월500만이상 집앞 배송 교포,송파구 전체,00:00~08:00,"4,500,000",05/12,월급
시중은행,만60세이상-주간 은행안내직.서울경기 프리랜서.주2-3일근무,도봉구 쌍문동,08:30~17:30,"800,000",05/12,월급
(주)대원케이디알,야간배송직원모집합니다,중구 쌍림동,17:00~24:00,"1,800,000",05/12,월급
창광실업(주),신촌세브란스병원내 의료폐기물 집하장 지원업무 (파트타임3,서대문구 신촌동,06:30~09:30,"800,000",05/12,월급
"주)정정당당(청보리한우,화로구이)",숯불장치(10시~17시)/주5일/,마포구 용강동,10:00~17:00,"1,300,000",05/12,월급
달콤꽃돼지 전설의스테이크갈비,숯불고기집  홀정직원/ 홀알바,강서구 마곡동,11:00~23:00,"2,900,000",05/12,월급
SK네트웍스(주)송파주유소,SKN 송파셀프주유소 매장관리/자동세차원 모집,송파구 거여동,15:00~23:30,"8,590",05/12,시급
백상기업(주),월240 을지로입구 대형 로펌 재경/재무팀 주5,서대문구 전체,09:00~18:00,"2,400,000",05/12,월급
드림전자,블랙박스 네비게이션 기술 배우고 싶으신분,강북구 미아동,09:00~19:00,"8,590",05/12,시급
하은건설,건설현장+당일지급+초보가능+숙식제공+일당현장+동반가능+신,강서구 염창동,07:30~17:30,"120,000",05/12,일급
보배반점 미아점,보배반점 미아점 / 주방보조 면장경력 (1개월이상) 모집합니,강북구 미아동,09:30~21:30,"2,800,000",05/12,월급
마천시장 식자재마트,[식자재마트직원 9시~21시 월6회이상휴무 급여월300~400 4대,송파구 마천동,09:00~21:00,"3,500,000",05/12,월급
CU 불광연서로점,Cu편의점  목.일야간 (23시에서 07시)모집합니다.,은평구 불광동,23:00~07:00,"8,590",05/12,시급
홈플러스 영등포점,[홈플러스 영등포점]마트배송/온라인몰배송/월400만이상/고수,영등포구 영등포,10:00~18:00,"4,000,000",05/12,월급
오부장치킨,오부장치킨 사가정점 직원분 모집합니다.,중랑구 면목동,13:30~23:30,"2,300,000",05/12,월급
CU / GS25 / 7ELEVEN,[급여450이상]5시간근무/편의점배송직/간편코스/ 초보가능/평,양천구 전체,05:00~10:00,"4,500,000",05/12,월급
홈플러스 영등포점,[홈플러스 영등포점]마트배송/온라인몰배송/월400만이상/고수,은평구 응암동,10:00~18:00,"4,000,000",05/12,월급
홈플러스 월곡점,홈플러스/마트배송/월400만이상/초보가능/고령가능/고수익배,동대문구 장안동,10:00~18:00,"4,000,000",05/12,월급
더존개발,건설  현장  전기 日11.5만~17만 친구 동반가능 출퇴 숙식 노,용산구 전체,07:30~17:30,"3,500,000",05/12,월급
SK대성상사,주유원모집,광진구 자양2동,09:00~18:00,"8,700",05/12,시급
사대족발,강북 최강족발맛집,강북구 수유동,13:00~01:00,"2,700,000",05/12,월급
엉터리생고기,"엉터리생고기 화,수,금,토,일 저녁알바 구합니다.",관악구 대학동,18:30~21:30,"9,000",05/12,시급
강동물류,(자가용넘버가능함/단가1.485원/까대기적음/지입료없음) 스마,노원구 전체,04:00~16:00,"3,000,000",05/12,월급
(주)피시원,롯데백화점 건대 정규직,광진구 자양동,시간협의,"2,300,000",05/12,월급
이마트 E-mart,[SSG/이마트]기본급324만_정년없음_처음하는분도쉽게_업무지,영등포구 전체,09:00~18:00,"4,500,000",05/12,월급
(주)골드피그,강남 논현동 【누구나 쉬운 골프장 예약 】골프장 예약대행,동대문구 전체,09:00~18:00,"3,300,000",05/12,월급
세기할인마트,[농산남직원  월280만.농산여직원 월191만 ] 답십리[세기할인,동대문구 답십리,시간협의,"2,800,000",05/12,월급
경희물류,"고양센터~성남,1톤냉탑[6시간근무,500만원완제급]브렌드 커피",은평구 전체,09:30~15:00,"5,000,000",05/12,월급
(주)구름산에프시,[1톤배송기사 모집]경력자 우대/ 월250만/매주일요일휴무,금천구 독산동,시간협의,"2,500,000",05/12,월급
천호코인노래연습장,[시급8600원]  명일코인노래방 야간청소근무자 구합니다,강동구 명일동,22:00~00:00,"8,600",05/11,시급
신세계물산,여성복 매장에서 함께 일할 저녁 남자직원 구합니다. (운전가,중구 신당1동,18:30~04:30,"2,400,000",05/11,월급
네네치킨(번동점),네네치킨 번동점 에서 라이더 모집합니다.,강북구 수유동,16:30~04:30,"2,800,000",05/11,월급
드래곤힐스파,드래곤스파 매점 근무자,용산구 한강로3,08:00~08:00(로테이션),"2,000,000",05/11,월급
중앙공조,"신축 아파트 현장에서 에어컨설치 보조기사 모십니다, (신정",서울 전체,07:00~16:30,"2,500,000",05/11,월급
맛찬들왕소금구이,[맛찬들왕소금구이]육부장 주방 홀서빙구함,강서구 마곡동,11:30~23:30,"3,300,000",05/11,월급
하남돼지집,하남돼지집 미아뉴타운점  주방메인  주말 설거지 모집,강북구 미아동,15:00~23:00,"2,300,000",05/11,월급
무지개마트,"매장관리 남알바[오후9-11시 시급9,000원]",성동구 전체,21:00~23:00,"9,000",05/11,시급
마스터 그룹,전국 전지역 젊은 인재분들을 모십니다.,서울 전체,09:00~18:00,"1,000,000",05/11,주급
Touch미(터치미),(주5일제시행)동대문종합시장에서 함께 일하실분 모셔요:),종로구 종로6가,08:00~18:00,"1,800,000",05/11,월급
(주)우정로지텍,[이마트 양재]대기업물류배송/월400이상/초보가능,서초구 전체,10:00~19:00,"72,000,000",05/11,연봉
너울,동대문의류상가에서 함께 일 할 성실한분 찾습니다,서울 전체,20:00~05:00,"2,000,000",05/11,월급
옐로우피자 송파점,옐로우피자송파점/주방보조카운터/주6일/270만원,송파구 석촌동,11:30~22:30,"2,700,000",05/11,월급
민제종합EDU,유아교육기관 찾아가는 목공교실 강사 모집,송파구 풍납1동,09:00~13:00,"10,500",05/11,시급
김부삼 한양대점,금토일 주말알바 모집 시급10000원,성동구 행당동,19:00~22:00,"10,000",05/11,시급
올스타마트 방이점,올스타마트 방이점에서 정규직을 모집합니다.,송파구 송파동,08:00~18:30(로테이션),"2,750,000",05/11,월급
Cu종로연강홀점,"CU 종로 연강홀점 주말야간 (금,토)알바 모집",서울 전체,23:00~06:00,"8,590",05/11,시급
하은건설,건설현장+당일지급+초보가능+숙식제공+일당현장+동반가능+신,송파구 마천동,07:30~17:30,"120,000",05/11,일급
굽네치킨 염창역점,"굽네치킨 염창역점 주말 아르바이트 구합니다. 시급 10,308원",양천구 목2동,12:00~24:00(로테이션),"10,308",05/11,시급
한일LED조명,"남판매직원 및 재고관리(전기,자재판매상) 주5일근무",동대문구 답십리,06:30~18:00,"2,300,000",05/11,월급
호식이두마리치킨 북가좌1호점,호식이두마리치킨 북가좌점 -정직원 모집-,서대문구 전체,12:00~24:00,"2,600,000",05/11,월급
LA갈비찜닭&냉면,【배달 전문점】야간주방직원/역삼역/강남역/역삼먹자골목/강,강남구 역삼동,21:00~09:00,"2,700,000",05/11,월급
물류회사,택배 분류적입 알바 구해요(오후 4시 또는 5시-오후 10시 전,성동구 전체,16:00~23:00,"10,000",05/11,시급
이마트,[새벽배송의 모든것] 고민마세요 월500만이상 집앞 배송 교포,관악구 전체,00:00~08:00,"4,500,000",05/11,월급
주식회사 판도라개발,"(일당/현금/당일/지급) 초보자 가능 야간택배 분류,상하차",성북구 전체,20:30~06:30,"150,000",05/11,일급
주식회사 이룸,인기업종/이마트배송(주간/야간)/실수령(월)500만원/거주지방,구로구 가리봉동,시간협의,"5,000,000",05/11,월급
일자리닷컴(자비스inc),장애인 선발.초보가능-주야 교대 근무편함-성수동 성락교회,성동구 성수동,시간협의,"1,176,000",05/11,월급
이오취업정보,"전국 용접 (co2용접,알곤,아크)전문 숙식가능 일당/주급제/월",영등포구 대림동,시간협의,"180,000",05/11,일급
삼원곡산,쌀도매 배송직원구함 월240만이상 주5일근무 08시18시 초보가,강북구 수유동,08:00~18:00,"2,400,000",05/11,월급
생각대로,【배달대행】(日 15~35만)업체최대수수료/허위X/당일지급/리,영등포구 문래동,11:00~23:30,"5,000,000",05/11,월급
(주)대가그린푸드,새벽2시~낮1시[초봉250~260만원]식자재관리배송 정직원 및 아,구로구 전체,02:00~12:00,"2,700,000",05/11,월급
불광수산,『서울지역 & 경기 전지역 수산물 매장 근무할  남 직원 모집,서대문구 전체,08:00~20:00,"130,000",05/11,일급
바른로지스,의약품 배송기사 / 450이상 주간배송 [완제],영등포구 전체,06:00~16:00,"4,000,000",05/10,월급
(주)디에스팩토리,주급.(시급9500원) 홀서빙. 삼성동 등심팩토리. 삼성역. 코엑,강남구 전체,15:30~22:30,"9,500",05/10,시급
(주)영진,"【최대 일급115,526원/현장당일지급】 물류센터/ 야간알바모",강서구 화곡동,19:30~06:00,"115,526",05/10,일급
청춘세차,청춘세차에서 성실하게 일하실 분 모집합니다.,구로구 구로동,09:30~12:30,"10,000",05/10,시급
"0시불닭발,곱창,막창",홍제동에있는 영시불닭발에서 야간배달사원을모집합니다.,서대문구 홍제동,18:00~02:00,"11,000",05/10,시급
(주) 현대그린푸드 가든파이브점,가든파이브 한솔냉면 남직원 구합니다,송파구 전체,10:30~20:00(로테이션),"1,750,000",05/10,월급
하남돼지집,하남돼지집 미아뉴타운점  주방메인  주말 설거지 모집,강북구 미아동,15:00~23:00,"2,300,000",05/10,월급
DAKS BAR,"[주급90만 주6일][남자][초보,숙식제공,동반가능] DAKS BAR",서대문구 창천동,20:00~07:00,"900,000",05/10,주급
피자헛보라매점,피자헛 보라매점 주방 구인,동작구 대방동,13:00~22:00,"8,590",05/10,시급
온통족발,온통족발 경력직 직원구함 10시간 250 4대보험필수퇴직금 주,강서구 화곡동,14:00~24:00,"2,500,000",05/10,월급
본도시락 가산디지털3단지점,본도시락 배달정직원 모집,금천구 가산동,09:00~20:40,"2,900,000",05/10,월급
빙그레,빙그레납품 월320만 + 추가근무수당,은평구 전체,06:00~15:00,"3,200,000",05/10,월급
삼성스마트에어컨,에어컨  설치  배우실분,송파구 전체,시간협의,"2,000,000",05/10,월급
이마트 이마트몰,[남자는 바쁘게 살아야 합니다]새벽배송 빠른퇴근 이마트 기,강서구 화곡동,22:30~05:00,"3,500,000",05/10,월급
(주)서울129,[190~250만 협의] 구급차기사 1종보통면허이상 숙식제공가능,관악구 신림동,09:30~19:00,"1,900,000",05/10,월급
마켓유(구의점),야간카운터(토요일하루) 및 공산품 진열 배달 직원 모집,광진구 구의동,09:00~21:00,"2,900,000",05/10,월급
한일LED조명,"남판매직원 및 재고관리(전기,자재판매상) 주5일근무",동대문구 답십리,06:30~18:00,"2,300,000",05/10,월급
주식회사 세명이엔지,생산및거래처납품 관리직 모집,송파구 전체,시간협의,"2,000,000",05/10,월급
(주)티에이치씨로지스앤시스템,[하림 배송기사]거래처 단순배송/월800만원 이상/ 초보가능/,강서구 전체,시간협의,"8,000,000",05/10,월급
좋은일자리 경비보안 컨설팅,[경비보안00명] 광화문빌딩 07.30분교대 207만 주주야야휴휴,종로구 전체,07:30~18:00,"2,070,000",05/10,월급
(주)성원후레쉬본,작업장 생산직 초봉220,성동구 마장동,07:30~16:30,"2,200,000",05/10,월급
주)바디프랜드,[이케아] 마지막 충원2명/소가구배송&설치모집(월800만이상),구로구 전체,08:00~16:00,"5,500,000",05/10,월급
양평해장국,남자 홀써빙  경험자 구함.,관악구 신림동,22:00~10:00,"2,600,000",05/09,월급
(주)뮤비존 노래뮤비방 홍대점,(주)뮤비존에서 직영점 야간 알바를 모집합니다. (홍대점),마포구 동교동,22:00~05:00,"11,000",05/09,시급
월남선생 당산점,월남선생 당산점에서  오전주방및 주방정직원 배달정직원 모,영등포구 당산동,10:00~22:00,"2,700,000",05/09,월급
도경개발,서울.경기.인천.부천 지역/ 우레탄.에폭시 방수공사/초보자.,도봉구 창동,08:00~05:00,"120,000",05/09,일급
봄봄에어컨,에어컨 보조기사 모집,중랑구 전체,08:00~06:00,"2,500,000",05/09,월급
(주)워터클린,"[월350만원][송파, 강동, 강남, 서초]벽걸이 에어컨 청소 기",서울 전체,09:00~20:00,"3,500,000",05/09,월급
포레스트,"저스트텐동에서 화,목,토 풀 홀아르바이트분을 모집합니다",마포구 연남동,17:00~21:30,"9,000",05/09,시급
광클리닝,카페&식당 마감청소(새벽)/파트타임 채용/시급 만원/차량소지,광진구 중곡동,05:00~08:00,"10,000",05/09,시급
천하일미강정치킨,잘하시는만큼  드립니다 꿀알바 재미있게 일해봐용,서울 전체,16:00~00:00,"9,000",05/09,시급
아이엠티호텔,길동 아이엠티에서 직원채용합니다.,서울 전체,11:00~11:00,"2,900,000",05/09,월급
물류회사,단순한 분류 알바 구해요(오후 4시 또는 5시-오후 10시 전후,광진구 전체,16:00~23:00,"10,000",05/09,시급
C&C당구클럽,주6일 또는 금토일 마감직원,동대문구 휘경동,16:00~02:00,"2,000,000",05/09,월급
(주)양주물류/(주)JH로지스,[마켓컬리]새벽 비대면 문앞배송 기사 모집/하루5시간 월급2,송파구 장지동,시간협의,"2,800,000",05/09,월급
강동물류,[배달의민족/B마트 톤수별 리프트냉탑 기사님모집/차량소유자,강북구 전체,시간협의,"3,200,000",05/09,월급
MK 씨푸드시스템,엠케이씨스템 활어납품기사 직원(수산물)(월270만),서울 전체,04:00~12:30,"2,700,000",05/09,월급
불광수산,『서울지역 & 경기 전지역 수산물 매장 근무할  남 직원 모집,서대문구 전체,08:00~20:00,"130,000",05/09,일급
주식회사 일양수산,농수산물내직원구함(원동기면허소지자환영)/월230~,강서구 외발산동,02:00~11:00,"2,300,000",05/09,월급
서원종합물류,"초보자도쉬운배송/이마트쓱배송/주간,야간선택/거주지지역배",구로구 가리봉동,시간협의,"5,000,000",05/09,월급
(주)라인외식,[주방보조 및 주방실장 구함] 55세미만 단체급식도시락업체,동작구 상도동,06:00~17:00,"8,590",05/09,시급
에스엠하이테크,[에어텍시스템] 냉난방기 설치및세처기사 모집,양천구 전체,시간협의,"8,590",05/09,시급
(JT)정통물류,[딱1대 임대차분양 현금 최소 500만원가능.대기업 이마트 통,송파구 전체,시간협의,"5,000,000",05/09,월급
(JT)정통물류,[대기업 브랜드 커피부자재 차량.전액경비제공.450만원 완제,강동구 전체,시간협의,"4,500,000",05/09,월급
월드취업정보,금속인테리어 강남청담동 주상복합 준기사:1명(14만) 조공:1,서울 전체,07:00~17:00,"3,000,000",05/09,월급
정우유통,[정우유통] +급구+ 농산물 판매 사원 모집 4명 책임감과 성실,동대문구 제기동,19:00~02:00(로테이션),"10,000",05/08,시급
CJ - 굿윌아이엔씨(주),"[가산동/오전/일급,주급가능/월~토근무] 단순물류 장,단기 아",관악구 전체,07:00~12:00,"8,590",05/08,시급
올드하우스,웨이터 구합니다,강남구 청담동,17:00~02:00,"2,000,000",05/08,월급
하은건설,건설현장+당일지급+초보가능+숙식제공+일당현장+동반가능+신,성동구 행당동,07:30~17:30,"120,000",05/08,일급
하이퍼스피드,수입차 중고부품 판매 및 창고정리 직원구합니다.,서울 전체,09:00~19:00,"2,200,000",05/08,월급
전통한우푸줏간,[정육 직원]경력자(월300-350만),은평구 갈현동,09:30~21:30,"3,500,000",05/08,월급
피자샵구로구점,피자샵구로구점에서 가족을 모집합니다,구로구 전체,14:00~02:00,"10,000",05/08,시급
모냥,"월210 남주방 오후4시~01시/시급10,000원 여주방 10시~오후3",영등포구 당산동,16:00~01:00,"2,100,000",05/08,월급
설금당 잔기지떡,[설금당 잔기지떡]평일 오전 함께할 아르바이트 모집합니다,양천구 신월동,09:00~12:00,"8,590",05/08,시급
죠스떡볶이 수유역점,죠스떡볶이 수유역점에서 직원 모십니다,강북구 수유동,15:00~01:00,"2,200,000",05/08,월급
북해도,[양평동 북해도] 주방사원 모집 / 월~금 / 월230,영등포구 양평동,09:30~22:00,"2,300,000",05/08,월급
(주)다인,홈쇼핑단순물류작업 일일근무가능 당일지급 초보자환영,은평구 신사동,18:00~06:00,"137,230",05/08,일급
월남선생 당산점,월남선생 당산점에서  오전주방및 주방정직원 배달정직원 모,영등포구 당산동,10:00~22:00,"2,700,000",05/08,월급
(주)한양엠에스엘,[가산디지털단지역 도보3분/오후2시-6시만 주5일]단순포장/배,금천구 가산동,14:00~18:00,"10,000",05/08,시급
디피앤데코,(하루오전알바) 5.25(월요일) 가구 및 소품 이동 작업,구로구 개봉동,09:00~12:00,"12,000",05/08,시급
채널큐24시,밤알바 구합니다.,용산구 갈월동,01:00~08:00,"8,800",05/08,시급
홈플러스 합정점,[홈플러스] 배송기사모집(1톤 냉탑)/고정기본급 323만+인센티,마포구 성산동,10:00~19:00,"3,800,000",05/08,월급
광클리닝,카페&식당 마감청소(새벽)/파트타임 채용/시급 만원/차량소지,광진구 중곡동,시간협의,"10,000",05/08,시급
이오취업정보,(일급18만)용접 돈좀 벌어 봅시다 용접전문 숙식가능 일당/주,영등포구 대림동,시간협의,"180,000",05/08,일급
주식회사 이룸,실수령/월500만/초보가능/단순배송/이마트(새백배송/주간배송,마포구 망원동,시간협의,"5,000,000",05/08,월급
주식회사 이룸,실수령/월500만/초보가능/단순배송/이마트(새백배송/주간배송,금천구 독산동,시간협의,"5,000,000",05/08,월급
바른로지스,각지역 커피부자재 배송기사 / 월450이상 새벽배송 [완제],서대문구 전체,22:00~05:00,"3,500,000",05/07,월급
과일.야채,과일.야채 판매 경력직원 구합니다.,은평구 증산동,06:20~18:30,"3,500,000",05/07,월급
(주)제이에프,【일14만/당일현금지급/단기알바】 야간택배/초보/상하차분류,중랑구 전체,20:30~06:00,"140,000",05/07,일급
은평장애인활동지원센터,장애인활동보조하실 성실한 남성분 모집안내,은평구 증산동,08:00~19:00,"3,000,000",05/07,월급
보성서점,(강동구 성내3동) 보성서점 주말 매장 업무 일하실 분 구합니,강동구 성내3동,16:00~21:00,"9,000",05/07,시급
참조은부동산,중개보조원 모집,송파구 잠실동,10:00~19:00,"1,800,000",05/07,월급
돈사돈,시급 9000원) 방이돈사돈/젊은사장과 즐겁게 일할 서빙 직원,송파구 방이동,18:00~23:00,"9,000",05/07,시급
구공탄곱창,"(주6,월차1회,220만)구공탄곱창 합정점에서 남직원 구합니다",마포구 합정동,15:00~00:00,"2,200,000",05/07,월급
게스홀딩스코리아(유),[급구]게스홀딩스코리아(유) 남자의류피팅모델구인,강남구 삼성동,09:00~18:00,"20,000",05/07,시급
뉴골드,책임감 있고 성실한 오래 일할수있는 분 지원바랍니다.,중구 을지로6가,21:00~06:00,"1,800,000",05/07,월급
예닮약국,약국 직원 구합니다~,금천구 독산동,14:00~19:30,"8,590",05/07,시급
오븐에빠진닭양재시민의숲점,양재시민의숲 오븐에빠진닭 주방직원 모집(경력),서초구 양재동,15:00~01:00,"2,200,000",05/07,월급
강남선생,사장님 짱좋음【월250만~】오픈매장 / 주방 정직원 모집합니,강남구 역삼동,09:00~21:00,"2,500,000",05/07,월급
공조,LG 가정용에어컨설치 보조기사님 모집해요(일배우셔서 독립,은평구 전체,00:00~24:00,"2,700,000",05/07,월급
100코달리,신당동 100코달리에서 금토일  야간알바를 모집합니다.,중구 신당동,19:00~05:00,"9,500",05/07,시급
형제축산,"정육점직원경력자, 유경험자 구합니다.",서울 전체,08:30~08:30,"2,800,000",05/07,월급
두원공조시스템,시스템에어컨 설치기사 모집,중랑구 전체,07:00~18:00,"42,000,000",05/07,연봉
굽네치킨 화양동점,굽네치킨 라이더를 모십니다,광진구 화양동,15:00~23:00,"11,000",05/07,시급
바른로지스,친환경 유기농 식자재 배송 / 400이상~ / 주5일 [지입],중랑구 전체,05:00~14:00,"4,000,000",05/07,월급
프루츠와라와라,뉴페이스 훈남 홀서빙 알바구해요,노원구 상계2동,16:00~06:00(로테이션),"8,590",05/07,시급
S&P Logis,대기업물류배송/탄탄/안정/고정수입/완제/평생직장,노원구 전체,08:00~17:00,"4,500,000",05/07,월급
오발탄(삼성점),"[월245만원부터/월6회휴/휴게2시간] 웨이터 구함 /연차,상여",동작구 사당동,11:00~22:00,"2,450,000",05/07,월급
다솜직업소개소,영등포 중식당 주방장 구합니다,서울 전체,09:00~21:00,"170,000",05/07,일급
이디야,[월450만완제]이디야커피부자재납품기사채용/1톤2.5톤3.5톤차,강남구 전체,22:00~06:00,"4,500,000",05/07,월급
운수법인 ㈜서강화물,"㈜서강화물 직영배차 / 대기업 LS산전,LG이노텍 생산품 (구미",도봉구 전체,시간협의,"72,000,000",05/07,연봉
풍경하우징,[롤방충망 현장시공 팀원모집] 초보환영 일하기쉬움 일당10만,마포구 성산동,08:00~17:00,"100,000",05/07,일급
경향포장,"시급 12.000 운반,배달 알바 (부지런한 분 구합니다).",강서구 공항동,04:00~08:00,"12,000",05/06,시급
두찜 강북미아점,두찜 강북미아점 주방알바 모집합니다,강북구 미아동,17:30~23:30,"8,700",05/06,시급
블리스캣,[월~목]고양이 시설관리&청소 알바모집,관악구 전체,10:00~14:00,"8,600",05/06,시급
케이고통신,주.야 통신공모집,노원구 전체,07:00~05:00,"120,000",05/06,일급
알피엠,압구정 알피엠 주방보조 모집,서울 전체,17:00~01:00,"1,900,000",05/06,월급
우선취업,+건설3명급구+단기목돈日12만원-18만.잔업.친구동반.숙식가능,구로구 구로동,07:00~17:30,"3,000,000",05/06,월급
호텔라리아,서초동 라리아호텔에서 3교대 당번을 모집합니다,서초구 서초동,11:00~23:00(로테이션),"2,700,000",05/06,월급
중랑제일교회,관리집사님을 모십니다.,서울 전체,05:00~17:00,"2,250,000",05/06,월급
지코바 양념치킨,봉천배달직원 / 식대포함 280 주1회휴무,관악구 봉천동,12:30~24:30,"2,800,000",05/06,월급
셰익스BEER,"남자 알바  (주 3 ,4 일 )",종로구 관철동,19:30~00:30,"9,000",05/06,시급
달쫀마곡나루점,"달쫀(떡볶이집)마곡나루점. ,주말 근무 구합니다",강서구 전체,17:00~21:30,"9,000",05/06,시급
(주)성지로지스,"[당일지급,초보가능,중장년 가능] 주간물류 인원모집",강동구 전체,09:00~18:00,"82,464",05/06,일급
SK행촌주유소,함께일할 경력주유직원(오전.오후) 모집합니다,영등포구 신길동,08:00~22:00,"9,600",05/06,시급
홈플러스 영등포점,[홈플러스 영등포점]마트배송/온라인몰배송/월400만이상/고수,구로구 구로동,10:00~18:00,"4,000,000",05/06,월급
홈플러스 잠실점,[홈플러스 잠실점]마트배송/온라인몰배송/월400만이상/고수익,강남구 대치동,10:00~18:00,"4,000,000",05/06,월급
형부네할인마트,[급여280~320만원] 오토바이 지입기사/ 청과야채/공산/진열알,성동구 행당동,09:00~21:00,"2,800,000",05/06,월급
신사모터스,신사모터스 세차 직원구합니다,강남구 신사동,08:30~17:30,"2,300,000",05/06,월급
믿음소개소,배송직 건재상회 경력자 초봉 280만원 06:30~18:30,용산구 전체,06:30~18:30(로테이션),"2,800,000",05/06,월급
(주)다원물류,cu편의점 주간운전직/배송직 기본급351만/ 추가수당200만/ 경,서초구 전체,07:00~18:00,"4,900,000",05/06,월급
홀릭,대리운전 직원모집 (월급제 250만원),서울 전체,18:00~04:00,"2,500,000",05/06,월급
굽네치킨 염창역점,굽네치킨 염창역점 주방직원을 모집합니다.,양천구 목2동,12:00~00:00(로테이션),"2,000,000",05/06,월급
명성상사,[명성상사] 매장관리 업무 오전4시~오후3시/ 220만원 문의많,종로구 창신동,04:00~15:00,"2,200,000",05/06,월급
이마트,[고정급여 430만원/새벽조/주간조]이마트 배송기사모집/투잡,은평구 갈현동,시간협의,"5,550,000",05/06,월급
햇빛나라,남 아르바이트직원 모집합니다/성실하고 오래근무하실분 환영,서초구 반포동,13:00~20:00,"10,000",05/06,시급
(주)월드비전종합물류,고정거래처납품/배송직원모집/야간근무/400만,강서구 화곡동,시간협의,"4,100,000",05/06,월급
아트철거,남철거 일하실분 모집,서대문구 전체,시간협의,"2,500,000",05/06,월급
마트로,마트로에서 배송직원 /계산원  모집합니다~,양천구 전체,시간협의,"2,800,000",05/06,월급
홈플러스 합정점,[홈플러스] 배송기사 모집/마트배송/기본급323만+인센티브/초,영등포구 대림동,10:00~19:00,"3,800,000",05/06,월급
(주)서현운수,강서구[이마트-E-MART]비대면 새벽배송+HOT+초보도 많이버는,강서구 전체,01:00~08:30,"6,300,000",05/05,월급
믿음직업소개소,경기 파주시 건설폐기물 처리장 단순노무,강서구 전체,시간협의,"2,000,000",05/05,월급
월드취업정보,평택안전감시단 정규직사원모집 (만20~48세 월 250~290만 연,서울 전체,07:00~17:00,"3,000,000",05/05,월급
할머니추어탕,[월200만] 주차원 11~20시 모집,양천구 신월동,시간협의,"2,000,000",05/05,월급
파랑ENG,[파랑ENG]건설내시경 촬영기사 월300만이상~ 운전가능자/여사,금천구 전체,시간협의,"120,000",05/05,일급
경동축산,[경동축산] 판매사원 2명 채용 초봉200만원 식육판매유경험자,동대문구 제기동,시간협의,"2,000,000",05/05,월급
미래취업정보,충주사출공장 직원구함기숙사제공 3식포함 부부360만  남 20,영등포구 전체,시간협의,"2,100,000",05/05,월급
(JT)정통물류,[주5일/공휴일휴무][친환경식품 생협 정식차량.경비제공.순수,노원구 전체,시간협의,"3,000,000",05/04,월급
(주)대륭로지스,[순수입 900만이상+@]내륙~제주간 배송/화물운송자격증보유자,은평구 전체,시간협의,"8,000,000",05/04,월급
다솜직업소개소,반포동 중식면장 구합니다.,서울 전체,09:20~21:20,"3,300,000",05/04,월급
주대국초밥집,초밥전문점에서 주방보조 구인합니다,강북구 미아동,10:00~22:00,"2,600,000",05/04,월급
보람퀵,기사급구 다마스 라보 영업용차량소지자 초보환영,노원구 전체,시간협의,"8,590",05/04,시급
㈜엠케이터치크린,"[ 청소전문업체에서 성실한 남직원/ 중랑구,노원구,광진구 거",중랑구 묵동,시간협의,"1,800,000",05/04,월급
형부네마트,[급여280~320만원] 오토바이 지입기사/ 청과야채 공산품 직원,성동구 행당동,시간협의,"2,800,000",05/04,월급
